번호 Number,등급 Level,어휘 Vocabulary,품사 Word class,길잡이말 Guide
1,6급,가계02,명사,가계가 빠듯하다
2,6급,가까스로,부사,가까스로 살아남다
3,6급,가냘프다,형용사,몸이 가냘프다
4,6급,가누다,동사,몸을 가누다
5,6급,가늠,명사,가늠이 안 되다
6,6급,가다듬다,동사,마음을 가다듬다
7,6급,가담,명사,시위 가담
8,6급,가동,명사,기계 가동
9,6급,가뜩이나,부사,가뜩이나 힘든데
10,6급,가라앉히다,동사,찌꺼기를 가라앉히다
11,6급,가려내다,동사,불량품을 가려내다
12,6급,가령,부사,가령 비가 온다면
13,6급,가로지르다,동사,도로를 가로지르다
14,6급,가로채다,동사,돈을 가로채다
15,6급,가르침,명사,가르침을 받다
16,6급,가쁘다,형용사,숨이 가쁘다
17,6급,가상,명사,가상의 공간
18,6급,가설03,명사,가설을 세우다
19,6급,가세01,명사,시민들의 가세
20,6급,가속,명사,가속이 붙다
21,6급,가식적01∙ 가식적02,관형사∙ 명사,가식적 웃음
22,6급,가열,명사,급속 가열
23,6급,가엾다,형용사,아이가 가엾다
24,6급,가책,명사,양심의 가책
25,6급,가출,명사,가출 청소년
26,6급,가파르다,형용사,언덕이 가파르다
27,6급,가하다01,동사,박차를 가하다
28,6급,가혹00,명사,가혹 행위
29,6급,가훈,명사,가훈을 정하다
30,6급,가히,부사,가히 놀랄 만하다
31,6급,각02,명사,얼굴 각
32,6급,각계,명사,각계 대표
33,6급,각계각층,명사,사회 각계각층
34,6급,각기01/각기02,명사/부사,각기 다르다
35,6급,각도,명사,각도를 재다
36,6급,각박하다,형용사,세상이 각박하다
37,6급,각별하다,형용사,마음이 각별하다
38,6급,각별히,부사,각별히 생각하다
39,6급,각본,명사,각본을 쓰다
40,6급,각성,명사,각성을 촉구하다
41,6급,각양각색,명사,
42,6급,간과하다,동사,문제를 간과하다
43,6급,간담회,명사,간담회에 참여하다
44,6급,간략하다,형용사,설명이 간략하다
45,6급,간밤,명사,간밤에 꿈을 꾸다
46,6급,간부,명사,회사 간부
47,6급,간주01,명사,범죄자로 간주하다
48,6급,간첩,명사,간첩을 잡다
49,6급,갈래,명사,하위 갈래
50,6급,갈망,명사,자유를 갈망하다
51,6급,갈피,명사,갈피를 잡다
52,6급,감03,명사,감이 오다
53,6급,감격스럽다,형용사,감격스러운 순간
54,6급,감금,명사,감금을 당하다
55,6급,감당,명사,비용 감당
56,6급,감돌다,동사,긴장이 감돌다
57,6급,감량,명사,체중 감량
58,6급,감면,명사,학비 감면
59,6급,감명,명사,감명을 받다
60,6급,감소세00,명사,감소세를 보이다
61,6급,감수01,명사,고통 감수
62,6급,감수성,명사,감수성이 풍부하다
63,6급,감안,명사,현실을 감안하다
64,6급,감언이설,명사,
65,6급,감원,명사,근로자 감원
66,6급,감지,명사,감지 능력
67,6급,감쪽같이,부사,감쪽같이 사라지다
68,6급,감촉,명사,감촉이 부드럽다
69,6급,감축,명사,예산 감축
70,6급,감하다,동사,월급을 감하다
71,6급,감회,명사,감회가 새롭다
72,6급,값어치,명사,값어치가 떨어지다
73,6급,갓02,부사,갓 졸업하다
74,6급,강간,명사,강간을 당하다
75,6급,강세,명사,강세를 보이다
76,6급,강압,명사,강압을 받다
77,6급,강인하다,형용사,강인한 체력
78,6급,강점02,명사,강점을 살리다
79,6급,강제적01∙강제적02,관형사∙ 명사,강제적 조치
80,6급,강직하다,형용사,성품이 강직하다
81,6급,강행,명사,소송을 강행하다
82,6급,개관01,명사,박물관 개관
83,6급,개괄적01∙ 개괄적02,관형사∙ 명사,개괄적 설명
84,6급,개그,명사,개그 프로그램
85,6급,개량,명사,품종 개량
86,6급,개막,명사,올림픽 개막
87,6급,개별적01∙ 개별적02,관형사∙ 명사,개별적 관심
88,6급,개시02,명사,행동 개시
89,6급,개신교,명사,개신교를 믿다
90,6급,개운하다,형용사,몸이 개운하다
91,6급,개입,명사,정치적 개입
92,6급,개작,명사,원작 개작
93,6급,개정01,명사,헌법 개정
94,6급,개체,명사,개체가 모이다
95,6급,개편,명사,교과서 개편
96,6급,개표02,명사,개표 결과
97,6급,객지,명사,객지 생활
98,6급,거금01,명사,거금을 들이다
99,6급,거동,명사,거동이 불편하다
100,6급,거듭,부사,거듭 강조하다
101,6급,거듭나다,동사,새사람으로 거듭나다
102,6급,거뜬하다,형용사,거뜬한 일
103,6급,거론,명사,실명 거론
104,6급,거룩하다,형용사,말씀이 거룩하다
105,6급,거르다01,동사,불순물을 거르다
106,6급,거르다02,동사,끼니를 거르다
107,6급,거리낌,명사,거리낌이 없다
108,6급,거문고,명사,거문고를 뜯다
109,6급,거부감,명사,거부감이 들다
110,6급,거북하다,형용사,속이 거북하다
111,6급,거스르다01,동사,명령을 거스르다
112,6급,거슬리다,동사,눈에 거슬리다
113,6급,거시적01∙ 거시적02,관형사∙ 명사,거시적 관점
114,6급,거창하다,형용사,계획이 거창하다
115,6급,거처,명사,거처를 마련하다
116,6급,거침없이,부사,거침없이 말하다
117,6급,건립,명사,기념관 건립
118,6급,건방지다,형용사,행동이 건방지다
119,6급,건성01,명사,건성으로 대답하다
120,6급,건장하다,형용사,체격이 건장하다
121,6급,건전,명사,건전 가요
122,6급,걷잡다,동사,걷잡을 수 없다
123,6급,걸려들다,동사,덫에 걸려들다
124,6급,걸림돌,명사,걸림돌을 제거하다
125,6급,걸맞다,형용사,나이에 걸맞다
126,6급,걸작,명사,최고 걸작
127,6급,걸터앉다,동사,의자에 걸터앉다
128,6급,걸핏하면,부사,걸핏하면 화내다
129,6급,검거,명사,범인 검거
130,6급,검문,명사,검문에 걸리다
131,6급,검소,명사,검소한 태도
132,6급,검증,명사,이론 검증
133,6급,검찰,명사,검찰 수사
134,6급,게을리하다,동사,일을 게을리하다
135,6급,게재,명사,기사 게재
136,6급,겨냥,명사,과녁 겨냥
137,6급,겨누다,동사,총을 겨누다
138,6급,겨루다,동사,승부를 겨루다
139,6급,격리,명사,격리 치료
140,6급,격세지감,명사,
141,6급,격언,명사,격언을 인용하다
142,6급,격주,명사,격주로 나오다
143,6급,격차,명사,소득 격차
144,6급,견고하다,형용사,제품이 견고하다
145,6급,견과,명사,견과를 먹다
146,6급,견문,명사,견문을 넓히다
147,6급,견본,명사,견본 주택
148,6급,견제,명사,견제를 받다
149,6급,견주다,동사,실력을 견주다
150,6급,결단,명사,결단을 내리다
151,6급,결단력,명사,결단력이 부족하다
152,6급,결부00,명사,돈에 결부되다
153,6급,결산,명사,연말 결산
154,6급,결선,명사,결선에 진출하다
155,6급,결성,명사,팀 결성
156,6급,결속,명사,결속을 강화하다
157,6급,결승선,명사,결승선을 넘다
158,6급,결여,명사,객관성 결여
159,6급,결의01,명사,결의를 다지다
160,6급,결의02,명사,결의 사항
161,6급,결점,명사,결점을 보완하다
162,6급,결정짓다,동사,승패를 결정짓다
163,6급,결핍,명사,영양 결핍
164,6급,결함,명사,기계 결함
165,6급,겸허,명사,겸허한 태도
166,6급,경각심,명사,경각심을 일깨우다
167,6급,경건하다,형용사,마음이 경건하다
168,6급,경계02,명사,경계를 풀다
169,6급,경고문,명사,경고문을 붙이다
170,6급,경공업,명사,경공업 발전
171,6급,경관,명사,주변 경관
172,6급,경련,명사,경련이 일어나다
173,6급,경로02,명사,경로를 변경하다
174,6급,경매,명사,경매 가격
175,6급,경멸,명사,경멸의 시선
176,6급,경보01,명사,경보가 발령되다
177,6급,경사01,명사,경사가 가파르다
178,6급,경시,명사,생명 경시
179,6급,경악,명사,경악을 금치 못하다
180,6급,경연,명사,요리 경연
181,6급,경영진,명사,회사 경영진
182,6급,경유01,명사,경유 노선
183,6급,경이롭다,형용사,경이로운 광경
184,6급,경전,명사,불교 경전
185,6급,경제권01,명사,동북아 경제권
186,6급,경제성,명사,경제성이 떨어지다
187,6급,경지,명사,경지에 이르다
188,6급,경직,명사,근육 경직
189,6급,경청,명사,강의 경청
190,6급,곁눈질,명사,곁눈질로 보다
191,6급,곁들이다,동사,양념을 곁들이다
192,6급,-계01,접사,중국계
193,6급,계승,명사,왕위 계승
194,6급,계통,명사,호흡기 계통
195,6급,고가02,명사,고가로 팔다
196,6급,고갈01,명사,에너지 고갈
197,6급,고귀하다,형용사,신분이 고귀하다
198,6급,고기잡이,명사,고기잡이 어선
199,6급,고난,명사,고난을 극복하다
200,6급,고다,동사,사골을 고다
201,6급,고달프다,형용사,생활이 고달프다
202,6급,고되다,형용사,일이 고되다
203,6급,고령,명사,고령 사회
204,6급,고령화,명사,고령화 시대
205,6급,고루,부사,고루 나누다
206,6급,고립,명사,고립 상태
207,6급,고무신,명사,고무신을 신다
208,6급,고비,명사,고비를 넘기다
209,6급,고사하다00,동사,1등은 고사하고
210,6급,고소득,명사,고소득을 올리다
211,6급,고수01,명사,입장 고수
212,6급,고스란히,부사,고스란히 전하다
213,6급,고심,명사,고심이 크다
214,6급,고안,명사,방법 고안
215,6급,고약하다,형용사,냄새가 고약하다
216,6급,고요히,부사,고요히 잠들다
217,6급,고용,명사,직원 고용
218,6급,고용00,명사,고용을 창출하다
219,6급,고위,명사,고위 관리
220,6급,고의,명사,고의로 저지르다
221,6급,고인02,명사,고인을 추모하다
222,6급,고조02,명사,분위기 고조
223,6급,고진감래,명사,
224,6급,고찰,명사,철학적 고찰
225,6급,고충,명사,고충을 털어놓다
226,6급,고함,명사,고함 소리
227,6급,곤경,명사,곤경에 처하다
228,6급,곤궁,명사,곤궁에 빠지다
229,6급,곤두세우다,동사,신경을 곤두세우다
230,6급,곤욕,명사,곤욕을 치르다
231,6급,골대,명사,골대에 들어가다
232,6급,골머리,명사,골머리를 앓다
233,6급,골짜기,명사,골짜기가 깊다
234,6급,골칫거리,명사,골칫거리가 생기다
235,6급,곪다,동사,상처가 곪다
236,6급,곰곰이,부사,곰곰이 생각하다
237,6급,곰팡이,명사,곰팡이가 피다
238,6급,공간적01∙ 공간적02,관형사∙ 명사,공간적 제약
239,6급,공개적01∙ 공개적02,관형사∙ 명사,공개적 사과
240,6급,공공연하다,형용사,공공연한 비밀
241,6급,공권력,명사,공권력을 강화하다
242,6급,공략,명사,집중 공략
243,6급,공로,명사,공로를 세우다
244,6급,공립,명사,공립 도서관
245,6급,공모01,명사,공모에 입선하다
246,6급,공방02,명사,공방이 치열하다
247,6급,공백,명사,공백을 채우다
248,6급,공산주의,명사,공산주의 사상
249,6급,공산품,명사,공산품을 제조하다
250,6급,공세,명사,공세에 맞서다
251,6급,공약01,명사,공약을 내걸다
252,6급,공연히,부사,공연히 화를 내다
253,6급,공용어,명사,공용어로 삼다
254,6급,공적03,명사,공적을 쌓다
255,6급,공정02,명사,공정 선거
256,6급,공정성,명사,공정성을 잃다
257,6급,공존,명사,평화 공존
258,6급,공중위생,명사,공중위생 관리
259,6급,공직,명사,공직에 나서다
260,6급,공터,명사,공터에 모이다
261,6급,공포01,명사,헌법 공포
262,6급,공허하다,형용사,마음이 공허하다
263,6급,공헌,명사,사회 공헌
264,6급,과감히,부사,과감히 맞서다
265,6급,과격하다,형용사,행동이 과격하다
266,6급,과녁,명사,과녁을 맞히다
267,6급,과다,명사,과다 출혈
268,6급,과민,명사,과민 반응
269,6급,과부,명사,과부가 되다
270,6급,과시,명사,능력 과시
271,6급,과열,명사,과열 경쟁
272,6급,과잉,명사,과잉 생산
273,6급,과찬,명사,과찬의 말씀
274,6급,관03,명사,관을 짜다
275,6급,관념,명사,고정 관념
276,6급,관련자,명사,관련자를 조사하다
277,6급,관례02,명사,관례를 따르다
278,6급,관료,명사,관료 사회
279,6급,관리01,명사,고급 관리
280,6급,관세,명사,관세를 물다
281,6급,관여,명사,정부의 관여
282,6급,관용적01∙ 관용적02,관형사∙ 명사,관용적 표현
283,6급,관절,명사,무릎 관절
284,6급,관직,명사,관직에 오르다
285,6급,관측,명사,천문 관측
286,6급,관행,명사,관행을 따르다
287,6급,관혼상제,명사,
288,6급,광범위하다,형용사,지역이 광범위하다
289,6급,광복,명사,광복을 맞이하다
290,6급,광부,명사,광부가 되다
291,6급,광업,명사,광업에 종사하다
292,6급,광활하다,형용사,평야가 광활하다
293,6급,교감01,명사,교감을 나누다
294,6급,교란,명사,사회 교란
295,6급,교묘하다,형용사,교묘한 속임수
296,6급,교섭,명사,교섭이 이루어지다
297,6급,교정04,명사,치아 교정
298,6급,교활하다,형용사,성격이 교활하다
299,6급,구06,명사,구의 반지름
300,6급,구걸,명사,구걸을 다니다
301,6급,구기,명사,구기 종목
302,6급,구기다,동사,종이를 구기다
303,6급,구불구불하다00/구불구불하다,동사/형용사,길이 구불구불하다
304,6급,구사일생,명사,
305,6급,구슬,명사,구슬을 꿰다
306,6급,구실01,명사,구실을 못하다
307,6급,구어,명사,구어와 문어
308,6급,구원,명사,구원 요청
309,6급,구인난,명사,구인난을 겪다
310,6급,구절,명사,시 구절
311,6급,구제01,명사,구제 대책
312,6급,구조적01∙ 구조적02,관형사∙ 명사,구조적 모순
313,6급,구체화,명사,구체화 단계
314,6급,구축,명사,통신망 구축
315,6급,구출,명사,구출 작전
316,6급,구태여,부사,구태여 말리지 않다
317,6급,구태의연하다,형용사,태도가 구태의연하다
318,6급,구토,명사,구토를 일으키다
319,6급,구형03,명사,구형과 신형
320,6급,구호01,명사,구호를 외치다
321,6급,구호02,명사,난민 구호
322,6급,국가적01∙ 국가적02,관형사∙ 명사,국가적 손실
323,6급,국경,명사,국경을 초월하다
324,6급,국고,명사,국고를 지원하다
325,6급,국군,명사,국군 장병
326,6급,국내외,명사,국내외 정세
327,6급,국력,명사,국력 신장
328,6급,국무총리,명사,국무총리로 임명되다
329,6급,국민적01∙ 국민적02,관형사∙ 명사,국민적 관심
330,6급,국방,명사,국방의 의무
331,6급,국보,명사,국보로 지정하다
332,6급,국비,명사,국비 유학
333,6급,국왕,명사,국왕이 즉위하다
334,6급,국장01,명사,국장으로 승진하다
335,6급,국정02,명사,국정 운영
336,6급,국제적01∙ 국제적02,관형사∙ 명사,국제적 갈등
337,6급,국한,명사,국한을 시키다
338,6급,군계일학,명사,
339,6급,군밤,명사,군밤을 먹다
340,6급,군중,명사,군중이 모이다
341,6급,굴곡,명사,굴곡이 심하다
342,6급,굴다,동사,귀찮게 굴다
343,6급,굴레,명사,굴레에서 벗어나다
344,6급,굴리다,동사,공을 굴리다
345,6급,굶주리다,동사,굶주린 배
346,6급,굶주림,명사,굶주림에 시달리다
347,6급,궁극적01∙ 궁극적02,관형사∙ 명사,궁극적 목표
348,6급,궁리,명사,궁리가 떠오르다
349,6급,궂다,형용사,날씨가 궂다
350,6급,-권01,접사,상품권
351,6급,-권02,접사,수도권
352,6급,권고,명사,권고를 받다
353,6급,권익,명사,권익을 향상시키다
354,6급,권장,명사,권장 사항
355,6급,권총,명사,권총을 쏘다
356,6급,권태,명사,권태를 느끼다
357,6급,권투,명사,권투 선수
358,6급,권한,명사,권한을 부여하다
359,6급,궤도,명사,궤도에 오르다
360,6급,귀감,명사,귀감으로 삼다
361,6급,귀납적01∙ 귀납적02,관형사∙ 명사,귀납적 사고
362,6급,귀족,명사,왕실 귀족
363,6급,귀천01,명사,귀천이 없다
364,6급,귀향,명사,귀향 인파
365,6급,규범,명사,규범을 어기다
366,6급,규율,명사,규율을 지키다
367,6급,규제,명사,규제를 강화하다
368,6급,균,명사,균에 감염되다
369,6급,그간,명사,그간의 사정
370,6급,그나저나,부사,그나저나 다행이다
371,6급,그르다01/ 그르다02,형용사/ 동사,그른 행동
372,6급,그릇되다,동사,그릇된 가치관
373,6급,그윽하다,형용사,향기가 그윽하다
374,6급,그지없다,형용사,기쁘기가 그지없다
375,6급,극01,명사,극에 달하다
376,6급,극대화,명사,효과의 극대화
377,6급,극도,명사,극도로 긴장하다
378,6급,극성,명사,극성을 피우다
379,6급,극소수,명사,극소수의 인원
380,6급,극적01∙극적02,관형사∙ 명사,극적 갈등
381,6급,근02,관형사,근 열흘
382,6급,근간03,명사,근간을 이루다
383,6급,근력,명사,근력이 약하다
384,6급,근면,명사,근면 성실
385,6급,근시안,명사,근시안과 원시안
386,6급,금상첨화,명사,
387,6급,금시초문,명사,
388,6급,금융업,명사,금융업에 종사하다
389,6급,금의환향,명사,
390,6급,금지옥엽,명사,
391,6급,급급하다,형용사,먹고살기에 급급하다
392,6급,급기야,부사,급기야 쓰러지다
393,6급,급등,명사,주가 급등
394,6급,급락,명사,주가 급락
395,6급,급류,명사,급류에 떠내려가다
396,6급,급변,명사,상황 급변
397,6급,급성,명사,급성 질환
398,6급,급속,명사,급속 충전
399,6급,긍정,명사,긍정의 대답
400,6급,긍지,명사,긍지를 느끼다
401,6급,기고,명사,잡지 기고
402,6급,기관지,명사,기관지 염증
403,6급,기교,명사,기교를 부리다
404,6급,기권,명사,선거 기권
405,6급,기금,명사,기금을 마련하다
406,6급,기기01,명사,컴퓨터 기기
407,6급,기꺼이,부사,기꺼이 희생하다
408,6급,기껏,부사,기껏 도와 줬더니
409,6급,기념회,명사,출판 기념회
410,6급,기능적01∙ 기능적02,관형사∙ 명사,기능적 측면
411,6급,기도01,명사,자살 기도
412,6급,기량,명사,기량을 뽐내다
413,6급,기력,명사,기력이 없다
414,6급,기류,명사,기류를 타다
415,6급,기리다,동사,고인을 기리다
416,6급,기립,명사,기립 박수
417,6급,기만,명사,국민을 기만하다
418,6급,기묘하다,형용사,기묘한 이야기
419,6급,기미02,명사,기미를 보이다
420,6급,기법,명사,첨단 기법
421,6급,기색,명사,기색을 드러내다
422,6급,기술02,명사,객관적인 기술
423,6급,기술적01∙ 기술적02,관형사∙ 명사,기술적 어려움
424,6급,기습,명사,기습 방문
425,6급,기아,명사,기아 체험
426,6급,기약,명사,기약이 없다
427,6급,기어가다,동사,바닥을 기어가다
428,6급,기어들다,동사,동굴로 기어들다
429,6급,기어오르다,동사,나무에 기어오르다
430,6급,기어이,부사,기어이 해 내다
431,6급,기어코,부사,기어코 해 내다
432,6급,기업체,명사,기업체를 운영하다
433,6급,기웃거리다,동사,방 안을 기웃거리다
434,6급,기이하다,형용사,생김새가 기이하다
435,6급,기인하다,동사,부주의에 기인하다
436,6급,기저귀,명사,기저귀를 차다
437,6급,기절,명사,기절 상태
438,6급,기질,명사,낙천적 기질
439,6급,기특하다,형용사,행동이 기특하다
440,6급,기틀,명사,기틀을 잡다
441,6급,기품01,명사,기품이 높다
442,6급,기피,명사,책임 기피
443,6급,기필코,부사,기필코 성공하다
444,6급,기행02,명사,제주도 기행
445,6급,기호품,명사,기호품을 사다
446,6급,긴밀하다,형용사,긴밀한 관계
447,6급,길들이다,동사,강아지를 길들이다
448,6급,길쭉하다,형용사,얼굴이 길쭉하다
449,6급,깃02,명사,깃을 세우다
450,6급,깃들다,동사,영혼이 깃들다
451,6급,깃발,명사,깃발을 흔들다
452,6급,깊숙이,부사,깊숙이 들어가다
453,6급,까마득하다,형용사,앞길이 까마득하다
454,6급,까무러치다,동사,놀라서 까무러치다
455,6급,깡통,명사,깡통을 따다
456,6급,깨소금,명사,깨소금을 볶다
457,6급,깨우치다,동사,원리를 깨우치다
458,6급,꺼리다,동사,공개를 꺼리다
459,6급,꺼림칙하다,형용사,왠지 꺼림칙하다
460,6급,껴입다,동사,옷을 껴입다
461,6급,꼬이다02,동사,일이 꼬이다
462,6급,꼬집다,동사,볼을 꼬집다
463,6급,꼬치꼬치,부사,꼬치꼬치 캐묻다
464,6급,꼴불견,명사,꼴불견인 행동
465,6급,꾀,명사,꾀를 부리다
466,6급,꾀하다,동사,변화를 꾀하다
467,6급,꾹,부사,꾹 누르다
468,6급,꿈틀거리다,동사,지렁이가 꿈틀거리다
469,6급,꿰다,동사,실을 꿰다
470,6급,꿰뚫다,동사,과녁을 꿰뚫다
471,6급,뀌다,동사,방귀를 끼다
472,6급,끈끈하다,형용사,끈끈한 가래침
473,6급,끈질기다,형용사,끈질긴 노력
474,6급,끌려가다,동사,경찰서에 끌려가다
475,6급,끓어오르다,동사,물이 끓어오르다
476,6급,끔찍이,부사,끔찍이 싫어하다
477,6급,끼얹다,동사,물을 끼얹다
478,6급,나그네,명사,떠돌아다니는 나그네
479,6급,나날,명사,나날을 보내다
480,6급,나른하다,형용사,온몸이 나른하다
481,6급,나부끼다,동사,깃발이 나부끼다
482,6급,나약하다,형용사,의지가 나약하다
483,6급,나지막하다,형용사,산이 나지막하다
484,6급,낙타,명사,동물
485,6급,낙태,명사,낙태 수술
486,6급,낙후,명사,낙후 지역
487,6급,난감하다,형용사,상황이 난감하다
488,6급,난관02,명사,난관을 극복하다
489,6급,난데없이,부사,난데없이 나타나다
490,6급,난생,부사,난생 한 번도
491,6급,난청,명사,난청 치료
492,6급,난폭,명사,난폭 운전
493,6급,날뛰다,동사,말이 날뛰다
494,6급,남김없이,부사,남김없이 먹다
495,6급,남녀평등,명사,남녀평등 시대
496,6급,남용,명사,약물 남용
497,6급,납득,명사,납득이 가다
498,6급,낭송,명사,시 낭송
499,6급,낭패,명사,낭패를 보다
500,6급,낱낱이,부사,낱낱이 조사하다
501,6급,내걸다,동사,간판을 내걸다
502,6급,내던지다,동사,밖으로 내던지다
503,6급,내려서다,동사,바닥에 내려서다
504,6급,내륙,명사,내륙 지방
505,6급,내리막길,명사,내리막길을 내려가다
506,6급,내막01,명사,내막이 드러나다
507,6급,내몰다,동사,밖으로 내몰다
508,6급,내몰리다,동사,밖으로 내몰리다
509,6급,내뿜다,동사,물을 내뿜다
510,6급,내실02,명사,내실을 기하다
511,6급,내심,명사,속마음
512,6급,내장00,명사,생선 내장
513,6급,내적01∙내적02,관형사∙ 명사,내적 갈등
514,6급,내젓다,동사,팔을 내젓다
515,6급,내지01,부사,열 명 내지 스무 명
516,6급,내치다,동사,밖으로 내치다
517,6급,내키다,동사,마음이 내키다
518,6급,냇가,명사,냇가에서 놀다
519,6급,냉담하다,형용사,말투가 냉담하다
520,6급,냉전,명사,냉전이 끝나다
521,6급,냉정,명사,냉정을 잃다
522,6급,냉혹하다,형용사,현실이 냉혹하다
523,6급,넋,명사,넋을 잃다
524,6급,널리다,동사,빨래가 널리다
525,6급,넓적하다,형용사,얼굴이 넓적하다
526,6급,넘나들다,동사,국경을 넘나들다
527,6급,넘보다,동사,안을 넘보다
528,6급,노골적01∙ 노골적02,관형사∙ 명사,노골적으로 드러내다
529,6급,노령,명사,노령 연금
530,6급,노른자,명사,계란 노른자
531,6급,노릇,명사,선생 노릇
532,6급,노리다01,동사,우승을 노리다
533,6급,노부부,명사,한 쌍의 노부부
534,6급,노사00,명사,노사 교섭
535,6급,노여움,명사,노여움을 풀다
536,6급,노크,명사,노크 소리
537,6급,노폐물,명사,노폐물이 쌓이다
538,6급,노하다,동사,할아버지가 노하다
539,6급,녹슬다,동사,칼이 녹슬다
540,6급,녹아내리다,동사,얼음이 녹아내리다
541,6급,녹지,명사,녹지가 조성되다
542,6급,녹초,명사,녹초가 되다
543,6급,논란,명사,논란이 되다
544,6급,논설문,명사,논설문을 쓰다
545,6급,논증,명사,가설 논증
546,6급,논평,명사,시사 논평
547,6급,논하다,동사,인생을 논하다
548,6급,농어촌,명사,농어촌 생활
549,6급,높임법,명사,언어
550,6급,뇌물,명사,뇌물을 주다
551,6급,뇌사,명사,뇌사 상태
552,6급,뇌졸중,명사,뇌졸중에 걸리다
553,6급,누비다,동사,옷을 누비다
554,6급,누이,명사,사촌 누이
555,6급,누출,명사,가스 누출
556,6급,눈꺼풀,명사,눈꺼풀이 감기다
557,6급,눈물겹다,형용사,노력이 눈물겹다
558,6급,눈여겨보다,동사,행동을 눈여겨보다
559,6급,눈초리,명사,눈초리가 매섭다
560,6급,눈총,명사,눈총을 주다
561,6급,느닷없이,부사,느닷없이 나타나다
562,6급,느슨하다,형용사,매듭이 느슨하다
563,6급,늘어뜨리다,동사,머리를 늘어뜨리다
564,6급,늠름하다,형용사,자세가 늠름하다
565,6급,능사,명사,능사로 알다
566,6급,능통하다,형용사,외국어에 능통하다
567,6급,능하다,형용사,임기응변에 능하다
568,6급,다국적,명사,다국적 기업
569,6급,다그치다,동사,잘못을 다그치다
570,6급,다량,명사,다량으로 구입하다
571,6급,다분히,부사,다분히 고의적이다
572,6급,다시금,부사,다시금 시작하다
573,6급,다지다01,동사,땅을 다지다
574,6급,다짜고짜,부사,다짜고짜 따지다
575,6급,다채롭다,형용사,행사가 다채롭다
576,6급,단가,명사,단가가 싸다
577,6급,단거리,명사,단거리와 장거리
578,6급,단결,명사,단결을 다지다
579,6급,단계적01∙ 단계적02,관형사∙ 명사,단계적 절차
580,6급,단념,명사,단념이 빠르다
581,6급,단단히,부사,단단히 다지다
582,6급,단돈,명사,단돈 천 원
583,6급,단란하다,형용사,가정이 단란하다
584,6급,단련,명사,심신 단련
585,6급,단번에,부사,단번에 이해하다
586,6급,단서02,명사,단서를 찾다
587,6급,단숨에,부사,단숨에 마시다
588,6급,단시간,명사,단시간에 끝내다
589,6급,단연,부사,단연 으뜸이다
590,6급,단적01∙단적02,관형사∙ 명사,단적인 예
591,6급,단호하다,형용사,태도가 단호하다
592,6급,달구다,동사,프라이팬을 달구다
593,6급,달라붙다,동사,스티커가 달라붙다
594,6급,달아오르다,동사,냄비가 달아오르다
595,6급,담담하다,형용사,마음이 담담하다
596,6급,담보,명사,담보로 잡히다
597,6급,담장,명사,담장을 넘다
598,6급,답례,명사,답례를 받다
599,6급,답사02,명사,현장 답사
600,6급,당03,명사,당을 조직하다
601,6급,당당히,부사,당당히 맞서다
602,6급,당락,명사,당락이 좌우되다
603,6급,당사자,명사,사건 당사자
604,6급,당혹,명사,당혹을 금치 못하다
605,6급,-대00,접사,만 원대
606,6급,대00/대08,명사/의존명사,남자 대 남자
607,6급,대거02/대거01,부사/명사,대거 투입
608,6급,대금02,명사,공사 대금
609,6급,대기만성,명사,
610,6급,대담하다02,형용사,대담한 행동
611,6급,대대손손,명사,
612,6급,대대적01∙ 대대적02,관형사∙ 명사,대대적으로 보도하다
613,6급,대두02,명사,문제의 대두
614,6급,대들다,동사,어른에게 대들다
615,6급,대뜸,부사,대뜸 말하다
616,6급,대목,명사,설날 대목
617,6급,대박00,명사,대박이 나다
618,6급,대변00,명사,의견 대변
619,6급,대북,명사,대북 정책
620,6급,대성통곡,명사,
621,6급,대수롭다,형용사,대수로운 일
622,6급,대안00,명사,대안을 내놓다
623,6급,대양,명사,태평양
624,6급,대외,명사,대외 무역
625,6급,대원,명사,탐험대 대원
626,6급,대장02,명사,대장 내시경
627,6급,대접01,명사,대접에 담다
628,6급,대중성,명사,대중성이 있다
629,6급,대폭01/대폭02,명사/부사,대폭 늘리다
630,6급,대학가,명사,대학가가 번화하다
631,6급,대항,명사,대항 세력
632,6급,댕기다,동사,불을 댕기다
633,6급,더군다나,부사,
634,6급,더더욱,부사,
635,6급,더듬다,동사,손을 더듬다
636,6급,더디다,형용사,시간이 더디다
637,6급,더러00,부사,더러 보이다
638,6급,더미,명사,서류 더미
639,6급,더부룩하다02,형용사,속이 더부룩하다
640,6급,덕목,명사,덕목을 배우다
641,6급,덜렁대다,동사,성격이 덜렁대다
642,6급,덜컥01,부사,겁이 덜컥 나다
643,6급,덤,명사,덤으로 주다
644,6급,덤벼들다,동사,적에게 덤벼들다
645,6급,덤비다,동사,상대방에게 덤비다
646,6급,덥히다,동사,물을 덥히다
647,6급,덩달다,동사,덩달아 웃다
648,6급,덩치,명사,덩치가 크다
649,6급,덮치다00,동사,불행이 덮치다
650,6급,도02,명사,도가 지나치다
651,6급,도덕,명사,도덕을 지키다
652,6급,도덕성,명사,도덕성을 갖추다
653,6급,도덕적01∙ 도덕적02,관형사∙ 명사,도덕적 관념
654,6급,도래01,명사,정보화 시대의 도래
655,6급,도리,명사,도리에 어긋나다
656,6급,도립00,명사,도립 도서관
657,6급,도맡다,동사,역할을 도맡다
658,6급,도모,명사,친목 도모
659,6급,도약,명사,도약 자세
660,6급,도처,명사,도처에 널리다
661,6급,도태,명사,도태를 겪다
662,6급,독거노인00,명사,독거노인을 돕다
663,6급,독사,명사,독사에 물리다
664,6급,독선적01∙ 독선적02,관형사∙ 명사,독선적 성격
665,6급,독성,명사,독성 물질
666,6급,독자적01∙ 독자적02,관형사∙ 명사,독자적 행동
667,6급,독재,명사,독재 정권
668,6급,독재자,명사,독재자가 되다
669,6급,독점,명사,독점 광고
670,6급,독창성,명사,예술적 독창성
671,6급,돈독하다,형용사,우애가 돈독하다
672,6급,돌아다보다,동사,뒤를 돌아다보다
673,6급,돌연변이,명사,돌연변이 유전자
674,6급,돌파,명사,정면 돌파
675,6급,동경02,명사,동경의 대상
676,6급,동등,명사,기회 동등
677,6급,동력,명사,동력 장치
678,6급,동맥,명사,동맥 경화
679,6급,동메달,명사,동메달을 따다
680,6급,동문서답,명사,
681,6급,동병상련,명사,
682,6급,동상이몽,명사,
683,6급,동성02,명사,동성 친구
684,6급,동시통역,명사,동시통역 기능
685,6급,동요01,명사,건물의 동요
686,6급,동적01∙ 동적02,관형사∙ 명사,동적 활동
687,6급,동정02,명사,동정을 느끼다
688,6급,동질성,명사,문화적 동질성
689,6급,동참,명사,시민들의 동참
690,6급,동향03,명사,연구 동향
691,6급,동호인,명사,여행 동호인
692,6급,되뇌다,동사,입버릇처럼 되뇌다
693,6급,되새기다,동사,말씀을 되새기다
694,6급,된소리,명사,된소리 발음
695,6급,두각,명사,두각을 나타내다
696,6급,두루,부사,두루 갖추다
697,6급,두툼하다,형용사,고기가 두툼하다
698,6급,둑,명사,둑을 쌓다
699,6급,둘러앉다,동사,밥상에 둘러앉다
700,6급,둥그렇다,형용사,보름달이 둥그렇다
701,6급,둥둥02,부사,둥둥 떠내려가다
702,6급,뒤덮이다,동사,눈으로 뒤덮이다
703,6급,뒤돌아보다,동사,휙 뒤돌아보다
704,6급,뒤바뀌다,동사,순서가 뒤바뀌다
705,6급,뒤섞이다,동사,여러 가지가 뒤섞이다
706,6급,뒤엉키다,동사,차들이 뒤엉키다
707,6급,뒤적이다,동사,주머니를 뒤적이다
708,6급,뒤죽박죽,명사,뒤죽박죽으로 섞이다
709,6급,뒤쫓다,동사,범인을 뒤쫓다
710,6급,뒤통수,명사,뒤통수를 긁다
711,6급,뒤틀리다,동사,몸이 뒤틀리다
712,6급,뒷바라지,명사,아들 뒷바라지
713,6급,뒷일,명사,뒷일을 부탁하다
714,6급,뒷전,명사,뒷전에 서다
715,6급,뒹굴다,동사,진흙탕을 뒹굴다
716,6급,드러눕다,동사,바닥에 드러눕다
717,6급,드리우다,동사,커튼이 드리우다
718,6급,드세다,형용사,고집이 드세다
719,6급,득점,명사,득점과 실점
720,6급,들끓다,동사,벌레로 들끓다
721,6급,들뜨다,동사,들뜬 기분
722,6급,들락날락하다,동사,이곳저곳 들락날락하다
723,6급,들먹이다,동사,약점을 들먹이다
724,6급,들썩이다,동사,어깨가 들썩이다
725,6급,들어맞다,동사,예상이 들어맞다
726,6급,들어차다,동사,물이 들어차다
727,6급,들여놓다,동사,안으로 들여놓다
728,6급,들여다보이다,동사,집 안이 들여다보이다
729,6급,들이닥치다,동사,경찰들이 들이닥치다
730,6급,들이마시다02,동사,숨을 들이마시다
731,6급,들이켜다,동사,물을 들이켜다
732,6급,들추다,동사,이불을 들추다
733,6급,등04,명사,등을 밝히다
734,6급,등골01,명사,등골이 서늘하다
735,6급,등급/ 등급00,명사/의존명사,등급을 나누다
736,6급,등용문,명사,등용문을 거치다
737,6급,등재00,명사,잡지 등재
738,6급,등지,의존명사,"서울, 부산 등지"
739,6급,등지다,동사,친구와 등지다
740,6급,딛다,동사,땅에 발을 딛다
741,6급,따돌리다,동사,친구를 따돌리다
742,6급,따라나서다,동사,친구를 따라나서다
743,6급,딱하다,형용사,사정이 딱하다
744,6급,딱히02,부사,딱히 갈 곳이 없다
745,6급,때마침,부사,때마침 만나다
746,6급,떠넘기다,동사,책임을 떠넘기다
747,6급,떠다니다,동사,둥둥 떠다니다
748,6급,떠돌아다니다,동사,정처 없이 떠돌아 다니다
749,6급,떠밀리다,동사,밖으로 떠밀리다
750,6급,떨구다,동사,고개를 떨구다
751,6급,떨치다01,동사,이름을 떨치다
752,6급,떨치다02,동사,걱정을 떨치다
753,6급,뜨이다,동사,눈이 번쩍 뜨이다
754,6급,뜯어내다,동사,달력을 뜯어내다
755,6급,띄어쓰기,명사,띄어쓰기 규칙
756,6급,로맨틱00,명사,로맨틱한 분위기
757,6급,리그,명사,축구 리그
758,6급,마누라,명사,마누라를 얻다
759,6급,마다하다,동사,권유를 마다하다
760,6급,마지못하다,형용사,마지못한 걸음을 하다
761,6급,마취,명사,전신 마취
762,6급,막강,명사,막강 체력
763,6급,막다르다,형용사,막다른 길
764,6급,막대,명사,나무 막대
765,6급,막대하다,형용사,막대한 손실
766,6급,막론하다,동사,남녀노소를 막론하다
767,6급,막무가내,명사,
768,6급,막바지,명사,막바지로 접어들다
769,6급,막상막하,명사,
770,6급,막연히,부사,막연히 생각하다
771,6급,막중하다,형용사,책임이 막중하다
772,6급,막힘없이,부사,막힘없이 말하다
773,6급,만끽00,명사,자유 만끽
774,6급,만사,명사,만사가 귀찮다
775,6급,만세00・ 만세03,감탄사・ 명사,만세 소리
776,6급,만연,명사,전염병 만연
777,6급,만장일치,명사,
778,6급,맏형,명사,맏형 노릇
779,6급,말단,명사,말단 직원
780,6급,말문,명사,말문이 막히다
781,6급,말미암다,동사,부주의로 말미암다
782,6급,말솜씨,명사,말솜씨가 좋다
783,6급,말썽,명사,말썽을 부리다
784,6급,망03,명사,망을 씌우다
785,6급,망신,명사,망신을 당하다
786,6급,망원경,명사,망원경으로 보다
787,6급,망치,명사,망치로 두드리다
788,6급,맞먹다,동사,맞먹는 거리
789,6급,맞붙다,동사,서로 맞붙다
790,6급,맞아떨어지다,동사,계산이 맞아떨어지다
791,6급,맞장구,명사,맞장구를 치다
792,6급,맞춤,명사,맞춤 구두
793,6급,매04,의존명사,원고지 백 매
794,6급,매기다,동사,점수를 매기다
795,6급,매니저,명사,연예인 매니저
796,6급,매듭,명사,매듭을 짓다
797,6급,매료00,명사,청중을 매료하다
798,6급,매립,명사,매립 공사
799,6급,매장01,명사,시신 매장
800,6급,매진02,명사,학업에 매진을 하다
801,6급,맥,명사,맥이 빠지다
802,6급,맥락,명사,같은 맥락
803,6급,맥박,명사,맥박이 뛰다
804,6급,맴돌다,동사,주변을 맴돌다
805,6급,맵시,명사,맵시가 나다
806,6급,맹렬하다,형용사,맹렬한 기세
807,6급,맺히다,동사,열매가 맺히다
808,6급,머금다,동사,물을 머금다
809,6급,머리맡,명사,머리맡에 앉다
810,6급,먹구름,명사,먹구름이 끼다
811,6급,멀다01,동사,눈이 멀다
812,6급,멋스럽다,형용사,옷차림이 멋스럽다
813,6급,멍들다,동사,무릎이 멍들다
814,6급,면모,명사,면모를 살피다
815,6급,면역,명사,면역 체계
816,6급,면회,명사,면회를 가다
817,6급,명당,명사,최고의 명당
818,6급,명료하다,형용사,명료한 표현
819,6급,명목,명사,명목을 유지하다
820,6급,명문02,명사,명문 대학교
821,6급,명백하다,형용사,명백한 잘못
822,6급,명복,명사,명복을 빌다
823,6급,명분,명사,명분이 없다
824,6급,명승지,명사,명승지를 방문하다
825,6급,명실상부00,명사,
826,6급,명중,명사,과녁 명중
827,6급,명칭,명사,공식 명칭
828,6급,모닥불,명사,모닥불을 피우다
829,6급,모색,명사,방안의 모색
830,6급,모서리,명사,탁자 모서리
831,6급,모순,명사,구조적인 모순
832,6급,모욕,명사,모욕을 느끼다
833,6급,모유,명사,모유를 주다
834,6급,모질다,형용사,성격이 모질다
835,6급,모퉁이,명사,모퉁이를 돌다
836,6급,모티브,명사,작품의 모티브
837,6급,모호하다,형용사,설명이 모호하다
838,6급,목덜미,명사,목덜미를 잡히다
839,6급,몰락,명사,로마의 몰락
840,6급,몰려가다,동사,우르르 몰려가다
841,6급,몰아가다,동사,기세를 몰아가다
842,6급,몰아내다,동사,밖으로 몰아내다
843,6급,몰아넣다,동사,궁지에 몰아넣다
844,6급,몰아쉬다,동사,숨을 몰아쉬다
845,6급,몰아치다,동사,눈보라가 몰아치다
846,6급,몰입,명사,감정 몰입
847,6급,몸집,명사,몸집이 크다
848,6급,못마땅하다,형용사,못마땅한 눈초리
849,6급,묘미,명사,여행의 묘미
850,6급,묘지,명사,묘지를 이장하다
851,6급,묘하다,형용사,기분이 묘하다
852,6급,무공해,명사,무공해 농산물
853,6급,무궁무진,명사,
854,6급,무기력,명사,무기력한 태도
855,6급,무더기,명사,쓰레기 무더기
856,6급,무던히,부사,무던히 노력하다
857,6급,무럭무럭,부사,무럭무럭 자라다
858,6급,무력01,명사,무력 감축
859,6급,무례,명사,무례를 범하다
860,6급,무료하다,형용사,무료한 시간
861,6급,무르다03,형용사,살이 무르다
862,6급,무르익다,동사,곡식이 무르익다
863,6급,무릅쓰다,동사,위험을 무릅쓰다
864,6급,무리01,명사,무리를 이루다
865,6급,무모하다,형용사,무모한 시도
866,6급,무병장수00,명사,
867,6급,무성하다,형용사,잡초가 무성하다
868,6급,무수하다,형용사,무수한 별
869,6급,무수히,부사,무수히 많다
870,6급,무심히,부사,무심히 바라보다
871,6급,무언,명사,무언의 압박
872,6급,무용지물,명사,
873,6급,무작정01/ 무작정02,명사/부사,무작정 덤비다
885,6급,문학적01/ 문학적02,관형사∙ 명사,문학적 감수성
875,6급,무한,명사,무한 반복
876,6급,무형,명사,무형 문화재
877,6급,묵념,명사,묵념에 잠기다
878,6급,묵직하다,형용사,가방이 묵직하다
879,6급,묵히다,동사,김치를 묵히다
880,6급,문과,명사,문과 대학
881,6급,문단02,명사,문단에 진출하다
882,6급,문상,명사,문상을 가다
883,6급,문안02,명사,문안 인사
884,6급,문지르다,동사,수건에 문지르다
891,6급,물리적01/ 물리적02,관형사∙ 명사,물리적 변화
886,6급,문헌,명사,문헌 자료
887,6급,물끄러미,부사,물끄러미 바라보다
888,6급,물들이다,동사,옷감을 물들이다
889,6급,물러가다,동사,제자리로 물러가다
890,6급,물리다03,동사,물건을 도로 물리다
913,6급,민주적01∙ 민주적02,관형사∙ 명사,민주적 절차
892,6급,물자,명사,물자를 공급하다
893,6급,물체,명사,비행 물체
894,6급,미각,명사,미각을 자극하다
895,6급,미남,명사,미남 배우
896,6급,미달,명사,기준 미달
897,6급,미덕,명사,미덕을 베풀다
898,6급,미묘하다,형용사,미묘한 변화
899,6급,미사,명사,미사에 참석하다
900,6급,미숙하다,형용사,운전이 미숙하다
901,6급,미술가,명사,현대 미술가
902,6급,미약하다,형용사,미약한 진동
903,6급,미어지다,동사,셔츠가 미어지다
904,6급,미정,명사,날짜 미정
905,6급,미지,명사,미지의 세계
906,6급,미혼모,명사,미혼모를 돕다
907,6급,미흡하다,형용사,미흡한 설명
908,6급,민간,명사,민간 기업
909,6급,민간단체00,명사,민간단체를 지원하다
910,6급,민망하다,형용사,민망한 장면
911,6급,민족주의,명사,민족주의 사상
912,6급,민주,명사,민주 정치
967,6급,배타적01∙ 배타적02,관형사∙ 명사,배타적 관계
914,6급,민주화,명사,민주화 운동
915,6급,민첩하다,형용사,민첩한 움직임
916,6급,밀도,명사,밀도가 높다
917,6급,밀려나다,동사,뒤로 밀려나다
918,6급,밀려들다,동사,사람이 밀려들다
919,6급,밀림,명사,밀림이 울창하다
920,6급,밀어붙이다,동사,구석으로 밀어붙이다
921,6급,밀어주다,동사,후보를 밀어주다
922,6급,밀접,명사,밀접 지역
923,6급,밀착,명사,밀착 취재
924,6급,밑거름,명사,밑거름이 되다
925,6급,밑창,명사,밑창이 닳다
926,6급,바래다01,동사,색이 바래다
927,6급,바삐,부사,바삐 일하다
928,6급,바짝,부사,바짝 마르다
929,6급,바퀴벌레,명사,바퀴벌레를 잡다
930,6급,박자,명사,박자를 맞추다
931,6급,박탈,명사,자격 박탈
932,6급,반감,명사,반감을 가지다
933,6급,반나절,명사,반나절이 걸리다
934,6급,반도,명사,반도 국가
935,6급,반도체,명사,반도체 산업
936,6급,반론,명사,반론을 제기하다
937,6급,반목,명사,동료 간의 반목
938,6급,반문,명사,반문을 제기하다
939,6급,반세기,명사,반세기 동안
940,6급,반신욕,명사,반신욕의 효과
941,6급,반주01,명사,피아노 반주
942,6급,반칙,명사,반칙 판정
943,6급,받들다,동사,조상을 받들다
944,6급,발각,명사,사건이 발각되다
945,6급,발굴,명사,유적 발굴
946,6급,발단,명사,사건의 발단
947,6급,발돋움,명사,세계로 발돋움하다
948,6급,발령,명사,지방 발령
949,6급,발병02,명사,발병을 예방하다
950,6급,발상02,명사,발상의 전환
951,6급,밥벌이,명사,밥벌이로 삼다
952,6급,밧줄,명사,밧줄로 묶다
953,6급,방귀,명사,방귀를 뀌다
954,6급,방범,명사,방범 초소
955,6급,방사능,명사,방사능 오염
956,6급,방어,명사,방어 자세
957,6급,방언,명사,제주도 방언
958,6급,방치,명사,쓰레기 방치
959,6급,방침,명사,방침을 세우다
960,6급,방패,명사,방패로 막다
961,6급,배상02,명사,손해 배상
962,6급,배설,명사,노폐물 배설
963,6급,배신,명사,배신을 당하다
964,6급,배역,명사,배역을 맡다
965,6급,배제,명사,감정을 배제하다
966,6급,배출00,명사,인재 배출
1008,6급,병적01∙ 병적02,관형사∙ 명사,병적 행동
968,6급,배포,명사,무료 배포
969,6급,배회,명사,거리를 배회하다
970,6급,배후,명사,배후 세력
971,6급,백년해로,명사,
972,6급,백미02,명사,여행의 백미
973,6급,백수01,명사,백수 생활
974,6급,백지,명사,백지에 쓰다
975,6급,백혈병,명사,백혈병에 걸리다
976,6급,번성,명사,자손의 번성
977,6급,번식,명사,세균 번식
978,6급,번영,명사,국가 번영
979,6급,번쩍02,부사,번쩍 들다
980,6급,번창,명사,사업의 번창
981,6급,벌판,명사,드넓은 벌판
982,6급,범주,명사,같은 범주에 속하다
983,6급,범하다,동사,실례를 범하다
984,6급,범행,명사,범행 동기
985,6급,법률가,명사,국제 법률가
986,6급,법안,명사,법안을 검토하다
987,6급,법정01,명사,법정에 출두하다
988,6급,벗,명사,벗을 사귀다
989,6급,벤처,명사,벤처 기업
990,6급,벼르다,동사,복수를 벼르다
991,6급,벽화,명사,벽화를 그리다
992,6급,변02,명사,한강 변
993,6급,변덕,명사,변덕을 부리다
994,6급,변두리,명사,서울 변두리
995,6급,변모,명사,농촌의 변모
996,6급,변변찮다,형용사,옷이 변변찮다
997,6급,변수,명사,변수로 작용하다
998,6급,변천,명사,시대의 변천
999,6급,변형,명사,모양이 변형되다
1000,6급,변호,명사,변호를 맡다
1001,6급,변화무쌍,명사,
1002,6급,별개,명사,별개의 문제
1003,6급,별안간,명사,별안간 뛰어들다
1004,6급,별의별,관형사,별의별 생각
1005,6급,병동,명사,소아과 병동
1006,6급,병상,명사,병상에 눕다
1007,6급,병세,명사,병세가 악화되다
1028,6급,복합적01∙ 복합적02,관형사∙ 명사,복합적 감정
1009,6급,병행,명사,공부와 일의 병행
1010,6급,보건,명사,보건 시설
1011,6급,보답,명사,사랑에 보답하다
1012,6급,보류,명사,계획 보류
1013,6급,보배,명사,나라의 보배
1014,6급,보복,명사,보복을 당하다
1015,6급,보유,명사,주택을 보유하다
1016,6급,보육원,명사,보육원에서 자라다
1017,6급,보잘것없다,형용사,보잘것없는 신세
1018,6급,보조금,명사,학비 보조금
1019,6급,보태다,동사,생활비를 보태다
1020,6급,보호자,명사,보호자 동의
1021,6급,복귀,명사,원상 복귀
1022,6급,복리01,명사,사회의 복리
1023,6급,복부,명사,복부 운동
1024,6급,복수02,명사,복수 지원
1025,6급,복장,명사,간편한 복장
1026,6급,복제,명사,불법 복제
1027,6급,복종,명사,무조건적 복종
1093,6급,비극적01∙ 비극적02,관형사∙ 명사,비극적 운명
1029,6급,본격화00,명사,개발의 본격화
1030,6급,본성,명사,본성을 드러내다
1031,6급,본전,명사,본전도 못 찾다
1032,6급,봉우리,명사,봉우리에 오르다
1033,6급,봐주다,동사,잘못을 봐주다
1034,6급,부가,명사,부가 기능
1035,6급,부각,명사,이미지 부각
1036,6급,부고02,명사,신문에 부고를 내다
1037,6급,부닥치다,동사,벽에 부닥치다
1038,6급,부당,명사,부당 해고
1039,6급,부도01,명사,부도가 나다
1040,6급,부도나다,동사,부도난 수표
1041,6급,부득이,부사,부득이 취소하다
1042,6급,부디,부사,부디 건강하세요
1043,6급,부르짖다,동사,만세를 부르짖다
1044,6급,부리다01,동사,사람을 부려 먹다
1045,6급,부설,명사,부설 기관
1046,6급,부실,명사,부실 체력
1047,6급,부양,명사,가족 부양
1048,6급,부응,명사,기대에 부응하다
1049,6급,부임,명사,대통령 부임
1050,6급,부재,명사,대화의 부재
1051,6급,부진,명사,성적 부진
1052,6급,부착,명사,광고 부착
1053,6급,부추기다,동사,경쟁심을 부추기다
1054,6급,부축,명사,부축을 받다
1055,6급,부패,명사,음식물 부패
1056,6급,부풀리다,동사,머리를 부풀리다
1057,6급,부피,명사,부피를 재다
1058,6급,부활,명사,생명의 부활
1059,6급,북돋다,동사,용기를 북돋다
1060,6급,북돋우다,동사,용기를 북돋우다
1061,6급,북받치다,동사,슬픔이 북받치다
1062,6급,북적거리다,동사,거리가 북적거리다
1063,6급,분간,명사,사물을 분간하다
1064,6급,분기,명사,분기 실적
1065,6급,분담,명사,역할 분담
1066,6급,분배,명사,소득 분배
1067,6급,분별,명사,사리 분별
1068,6급,분분하다,형용사,의견이 분분하다
1069,6급,분산,명사,인구 분산
1070,6급,분열,명사,내부 분열
1071,6급,분유,명사,분유를 먹이다
1072,6급,분쟁,명사,분쟁을 해결하다
1073,6급,분출,명사,가스 분출
1074,6급,분하다,형용사,진 것이 분하다
1075,6급,분해,명사,지방 분해
1076,6급,불경02,명사,불경을 읽다
1077,6급,불과,부사,불과 나흘 전
1078,6급,불러오다,동사,사람을 불러오다
1079,6급,불명,명사,원인 불명
1080,6급,불모지,명사,불모지를 개척하다
1081,6급,불분명하다,형용사,이유가 불분명하
1082,6급,불쑥,부사,불쑥 내밀다
1083,6급,불안정,명사,정서적인 불안정
1084,6급,불어넣다,동사,활력을 불어넣다
1085,6급,불참,명사,회의 불참
1086,6급,불화,명사,가족 불화
1087,6급,불황,명사,경기 불황
1088,6급,불효자00,명사/대명사,불효자가 되다
1089,6급,붐,명사,베이비 붐
1090,6급,붙들리다,동사,손목을 붙들리다
1091,6급,비겁하다,형용사,비겁한 변명
1092,6급,비굴하다,형용사,비굴한 행동
1102,6급,비약적01∙ 비약적02,관형사∙ 명사,비약적 성장
1094,6급,비기다02,동사,비길 데가 없다
1095,6급,비단,부사,비단 -이 아니다
1096,6급,비리다,형용사,비린 냄새
1097,6급,비밀스럽다,형용사,비밀스러운 이야기
1098,6급,비방02,명사,비방과 욕설
1099,6급,비상00,명사,새의 비상
1100,6급,비속어,명사,언어
1101,6급,비스듬히,부사,비스듬히 눕다
1107,6급,비정상적00,관형사∙ 명사,비정상적인 사람
1103,6급,비염,명사,비염에 걸리다
1104,6급,비웃음,명사,비웃음을 사다
1105,6급,비위,명사,비위가 약하다
1106,6급,비전,명사,기업의 비전
1153,6급,사실적01∙ 사실적02,관형사∙ 명사,사실적 묘사
1108,6급,비참하다,형용사,비참한 기분
1109,6급,비품,명사,사무실 비품
1110,6급,비하,명사,직업 비하
1111,6급,빈곤,명사,빈곤 아동
1112,6급,빈민,명사,빈민 계층
1113,6급,빈부,명사,빈부 격차
1114,6급,빈약,명사,내용이 빈약하다
1115,6급,빈털터리,명사,빈털터리 신세
1116,6급,빈틈,명사,빈틈 사이
1117,6급,빈틈없다,형용사,빈틈없는 일정
1118,6급,빈틈없이,부사,빈틈없이 채우다
1119,6급,빈혈,명사,빈혈을 치료하다
1120,6급,빗기다,동사,머리를 빗기다
1121,6급,빗줄기,명사,빗줄기가 떨어지다
1122,6급,빙산,명사,빙산이 녹다
1123,6급,빚어지다,동사,그릇이 빚어지다
1124,6급,빡빡하다,형용사,숲이 나무로 빡빡하다
1125,6급,빤히,부사,빤히 들여다보이다
1126,6급,빼돌리다,동사,정보를 빼돌리다
1127,6급,뺑소니,명사,뺑소니를 치다
1128,6급,뺨치다,동사,어른 뺨치다
1129,6급,뻔뻔하다,형용사,뻔뻔한 태도
1130,6급,뻔히,부사,뻔히 보이다
1131,6급,뻗치다,동사,가지를 뻗치다
1132,6급,뿌리내리다,동사,땅에 뿌리내리다
1133,6급,뿜다,동사,물을 뿜다
1134,6급,뿜어내다,동사,연기를 뿜어내다
1135,6급,사각지대,명사,사각지대에 숨다
1136,6급,사각형,명사,사각형 모양
1137,6급,사격,명사,권총 사격
1138,6급,사고력,명사,사고력을 기르다
1139,6급,사공,명사,사공의 배
1140,6급,사기01,명사,사기를 높이다
1141,6급,사로잡히다,동사,적에게 사로잡히다
1142,6급,사리02,명사,사리 분별
1143,6급,사면초가,명사,
1144,6급,사뭇,부사,사뭇 다르다
1145,6급,사법,명사,사법 기관
1146,6급,사법부,명사,기관
1147,6급,사사건건01/ 사사건건02,명사/부사,사사건건 간섭하다
1148,6급,사상가,명사,계몽주의 사상가
1149,6급,사상누각,명사,
1150,6급,사색02,명사,사색에 잠기다
1151,6급,사슬,명사,사슬을 끊다
1152,6급,사시사철,명사,사시사철 아름답다
1203,6급,생산적01∙ 생산적02,관형사∙ 명사,생산적 사고
1154,6급,사양02,명사,선물을 사양하다
1155,6급,사업주00,명사,사업주 모집
1156,6급,사치스럽다,형용사,사치스러운 생활
1157,6급,사퇴,명사,자진 사퇴
1158,6급,사필귀정,명사,
1159,6급,사회주의,명사,사회주의 체제
1160,6급,사후02,명사,사후 대책
1161,6급,산간,명사,산간 지역
1162,6급,산뜻하다,형용사,기분이 산뜻하다
1163,6급,산림,명사,산림 보호
1164,6급,산만하다,형용사,태도가 산만하다
1165,6급,산맥,명사,태백산맥
1166,6급,산모,명사,산모를 돌보다
1167,6급,산물,명사,바다의 산물
1168,6급,산성,명사,산성 물질
1169,6급,산하02,명사,교육부 산하
1170,6급,살균,명사,살균 처리
1171,6급,살해,명사,살해 용의자
1172,6급,삼각형,명사,삼각형 모양
1173,6급,삼림욕,명사,삼림욕을 즐기다
1174,6급,삼복더위,명사,삼복더위에 시달리다
1175,6급,상03,명사,상을 당하다
1176,6급,상거래,명사,전자 상거래
1177,6급,상당,명사,백만 원 상당
1178,6급,상반00,명사,주장이 상반되다
1179,6급,상봉,명사,이산가족 상봉
1180,6급,상세하다,형용사,설명이 상세하다
1181,6급,상속,명사,재산 상속
1182,6급,상승세,명사,상승세와 하락세
1183,6급,상심,명사,상심에 빠지다
1184,6급,상여,명사,상여 행렬
1185,6급,상용,명사,상용한자
1186,6급,상위,명사,상위와 하위
1187,6급,상위권,명사,상위권에 들다
1188,6급,상응,명사,상응 관계
1189,6급,상이하다,형용사,상이한 방식
1190,6급,상인,명사,노점 상인
1191,6급,상장02,명사,상장을 수여하다
1192,6급,상주01,명사,상주 직원
1193,6급,상체,명사,상체와 하체
1194,6급,상호01/ 상호02,명사/부사,상호 이해
1195,6급,샅샅이,부사,샅샅이 뒤지다
1196,6급,새삼스럽다,형용사,새삼스러운 기분
1197,6급,새옹지마,명사,
1198,6급,색채,명사,화려한 색채
1199,6급,생계,명사,생계를 잇다
1200,6급,생사,명사,생사를 확인하다
1201,6급,생산성,명사,생산성을 높이다
1202,6급,생산자,명사,생산자와 소비자
1213,6급,서민적01∙ 서민적02,관형사∙ 명사,서민적 음식
1204,6급,생산지,명사,인삼 생산지
1205,6급,생성,명사,우주의 생성
1206,6급,생소하다,형용사,생소한 이름
1207,6급,생태02,명사,식물의 생태
1208,6급,생필품,명사,생필품을 구입하다
1209,6급,생활고,명사,생활고를 겪다
1210,6급,생활권,명사,생활권이 넓어지다
1211,6급,서구,명사,서구 문명
1212,6급,서두,명사,서두가 길다
1223,6급,선동적01∙ 선동적02,관형사∙ 명사,선동적 행동
1214,6급,서성거리다,동사,주변을 서성거리다
1215,6급,서슴없이,부사,서슴없이 말하다
1216,6급,서신,명사,서신을 보내다
1217,6급,서열,명사,서열을 따지다
1218,6급,서평,명사,서평을 읽다
1219,6급,선03,명사,선과 악
1220,6급,선고,명사,사망 선고
1221,6급,선교,명사,선교 활동
1222,6급,선교사,명사,해외 선교사
1226,6급,선정적01∙ 선정적02,관형사∙ 명사,선정적인 장면
1224,6급,선뜻,부사,선뜻 응하다
1225,6급,선비01,명사,선비 정신
1229,6급,선풍적01∙ 선풍적02,관형사∙ 명사,선풍적 인기
1227,6급,선조,명사,선조를 모시다
1228,6급,선출,명사,후보 선출
1356,6급,시대적01∙ 시대적02,관형사∙ 명사,시대적 분위기
1230,6급,선하다02,형용사,선한 사람
1231,6급,선행01,명사,선행 연구
1232,6급,섣불리,부사,섣불리 나서다
1233,6급,-설,접사,지동설
1234,6급,설교,명사,설교를 듣다
1235,6급,설령,부사,설령 그렇다고 해도
1236,6급,설비,명사,설비를 갖추다
1237,6급,설상가상,명사,
1238,6급,설움,명사,설움을 겪다
1239,6급,섬유,명사,섬유 유연제
1240,6급,섬유질,명사,섬유질이 풍부하다
1241,6급,섭리,명사,자연의 섭리
1242,6급,섭외,명사,출연자 섭외
1243,6급,성대,명사,성대 결절
1244,6급,성비,명사,성비 불균형
1245,6급,성사,명사,결혼이 성사되다
1246,6급,성장기,명사,성장기를 보내다
1247,6급,성적순00,명사,성적순으로 앉다
1248,6급,성차별,명사,성차별을 당하다
1249,6급,성취도,명사,성취도 평가
1250,6급,성품,명사,사람의 성품
1251,6급,성하다01,형용사,성한 몸
1252,6급,성화01,명사,열화와 같은 성화
1253,6급,세03,명사,세를 징수하다
1254,6급,세04,명사,세력
1255,6급,세관,명사,세관 검사
1256,6급,세밀하다,형용사,묘사가 세밀하다
1257,6급,세심하다,형용사,배려가 세심하다
1258,6급,세태,명사,세태를 반영하다
1259,6급,세포,명사,세포가 분열하다
1260,6급,센서,명사,센서가 작동하다
1261,6급,소동,명사,소동을 일으키다
1262,6급,소란스럽다,형용사,교실이 소란스럽다
1263,6급,소량,명사,소량으로 복용하다
1264,6급,소멸,명사,생성과 소멸
1265,6급,소신02,명사,소신을 가지다
1266,6급,소실,명사,문화재 소실
1267,6급,소아,명사,소아 병동
1268,6급,소양,명사,소양을 갖추다
1269,6급,소외,명사,소외 지역
1270,6급,소위02,부사,
1271,6급,소장01,명사,소장과 대장
1272,6급,소지02,명사,신분증 소지
1273,6급,소프트웨어,명사,소프트웨어를 개발하다
1274,6급,소화기02,명사,소화기를 구비하다
1275,6급,속보02,명사,뉴스 속보
1276,6급,속설,명사,속설이 전해지다
1277,6급,속성02,명사,속성을 지니다
1278,6급,속셈,명사,속셈을 눈치채다
1279,6급,속속들이,부사,속속들이 조사하다
1280,6급,속수무책,명사,
1281,6급,속임수,명사,속임수를 쓰다
1282,6급,손가락질,명사,손가락질을 당하다
1283,6급,손대다,동사,물건에 손대다
1284,6급,손맛,명사,손맛이 좋다
1285,6급,손색,명사,손색이 없다
1286,6급,손수,부사,손수 만들다
1287,6급,손아귀,명사,손아귀에 쥐다
1288,6급,솔01,명사,솔로 닦다
1289,6급,솔깃하다,형용사,귀가 솔깃하다
1290,6급,솟아나다01/솟아나다02,동사/형용사,땀이 솟아나다
1291,6급,솥,명사,솥에 끓이다
1292,6급,쇄도,명사,주문 쇄도
1293,6급,쇠퇴,명사,발전과 쇠퇴
1294,6급,수긍,명사,수긍이 가다
1295,6급,수녀,명사,수녀가 기도하다
1296,6급,수다스럽다,형용사,친구가 수다스럽다
1297,6급,수도03,명사,수도에 정진하다
1298,6급,수두룩하다,형용사,문제가 수두룩하다
1299,6급,수려하다,형용사,외모가 수려하다
1300,6급,수립,명사,정책 수립
1301,6급,수목,명사,수목이 울창하다
1302,6급,수발01,명사,수발을 들다
1303,6급,수법,명사,수법이 교묘하다
1304,6급,수분01,명사,수분을 섭취하다
1305,6급,수비,명사,철통 수비
1306,6급,수사관,명사,수사관이 조사하다
1307,6급,수산업,명사,수산업에 종사하다
1308,6급,수상하다02,형용사,수상한 행동
1309,6급,수색,명사,수색 작업
1310,6급,수소문,명사,수소문 끝에
1311,6급,수송,명사,수송 차량
1312,6급,수완,명사,수완이 좋다
1313,6급,수용02,명사,수용 인원
1314,6급,수용자00,명사,미디어 수용자
1315,6급,수월하다,형용사,찾기가 수월하다
1316,6급,수재민00,명사,태풍 수재민
1317,6급,수줍다,형용사,미소가 수줍다
1318,6급,수중02,명사,수중 탐사
1319,6급,수지,명사,수지 타산
1320,6급,수차례,명사,수차례에 걸치다
1321,6급,수치01,명사,수치를 느끼다
1322,6급,수컷,명사,수컷과 암컷
1323,6급,수평,명사,수평을 유지하다
1324,6급,수평선,명사,수평선을 바라보다
1325,6급,수혈,명사,수혈을 받다
1326,6급,수혜자,명사,장학금 수혜자
1327,6급,수화기,명사,수화기를 대다
1328,6급,숙맥,명사,숙맥처럼 굴다
1329,6급,순발력,명사,순발력이 뛰어나다
1330,6급,순수성00,명사,혈통의 순수성
1331,6급,순응,명사,자연 순응
1332,6급,순전히,부사,순전히 착각이다
1333,6급,순조롭다,형용사,순조로운 출발
1334,6급,순환기00,명사,순환기가 약하다
1335,6급,숨죽이다,동사,숨죽이고 엿듣다
1336,6급,숭고하다,형용사,숭고한 가치
1337,6급,숭늉,명사,숭늉을 뜨다
1338,6급,숭배,명사,우상 숭배
1339,6급,쉽사리,부사,쉽사리 무너지다
1340,6급,스러지다,동사,구름이 스러지다
1341,6급,스며들다,동사,향기가 스며들다
1342,6급,스미다,동사,땀이 스미다
1343,6급,슬그머니,부사,슬그머니 달아나다
1344,6급,슬며시,부사,슬며시 눕다
1345,6급,습성,명사,습성을 지니다
1346,6급,승려,명사,승려와 신도
1347,6급,승마,명사,승마 자세
1348,6급,승승장구,명사,
1349,6급,승인,명사,승인을 받다
1350,6급,승자,명사,승자의 여유
1351,6급,-시,접사,등한시
1352,6급,시간대,명사,출퇴근 시간대
1353,6급,시급히,부사,시급히 떠나다
1354,6급,시기상조,명사,
1355,6급,시늉,명사,자는 시늉
1368,6급,시적01∙시적02,관형사∙ 명사,시적 표현
1357,6급,시련,명사,시련을 겪다
1358,6급,시름,명사,시름에 잠기다
1359,6급,시무룩하다,형용사,표정이 시무룩하다
1360,6급,시비01,명사,시비를 가리다
1361,6급,시사하다,동사,교훈을 시사하다
1362,6급,시상01,명사,시상을 받다
1363,6급,시시각각,명사,
1364,6급,시신,명사,시신을 안치하다
1365,6급,시원섭섭하다,형용사,시원섭섭한 기분
1366,6급,시원시원하다,형용사,성격이 시원시원하다
1367,6급,시인01,명사,범행 시인
1400,6급,실질적01∙ 실질적02,관형사∙ 명사,실질적 이익
1369,6급,시정03,명사,오류의 시정
1370,6급,시종일관,명사,
1371,6급,시중01,명사,시중을 들다
1372,6급,시즌,명사,졸업 시즌
1373,6급,시행착오,명사,
1374,6급,식단,명사,식단을 짜다
1375,6급,식량난00,명사,식량난을 겪다
1376,6급,식민지,명사,식민지로 삼다
1377,6급,식용,명사,식용으로 기르다
1378,6급,식은땀,명사,식은땀을 흘리다
1379,6급,신명,명사,신명이 나다
1380,6급,신비롭다,형용사,신비로운 분위기
1381,6급,신상,명사,신상 정보
1382,6급,신설,명사,신설 학교
1383,6급,신세01,명사,신세를 지다
1384,6급,신음,명사,신음 소리
1385,6급,신의,명사,신의가 두텁다
1386,6급,신인,명사,신인 배우
1387,6급,신임01,명사,신임을 얻다
1388,6급,신자,명사,기독교 신자
1389,6급,신종,명사,신종 사기
1390,6급,신진대사,명사,신진대사가 활발하다
1391,6급,신축성,명사,신축성이 강하다
1392,6급,신하,명사,신하를 거느리다
1393,6급,실마리,명사,실마리를 풀다
1394,6급,실상01/실상02,명사/부사,실상을 밝히다
1395,6급,실상03,명사,북한의 실상
1396,6급,실외,명사,실외 공기
1397,6급,실용화,명사,실용화 가능성
1398,6급,실정02,명사,실정에 밝다
1399,6급,실질,명사,실질 권한
1401,6급,실천적01∙ 실천적02,관형사∙ 명사,실천적 학문
1451,6급,압도적01∙ 압도적02,관형사∙ 명사,압도적 승리
1402,6급,심경,명사,심경이 복잡하다
1403,6급,심성,명사,심성이 곱다
1404,6급,심의,명사,심의를 거치다
1405,6급,심혈,명사,심혈 질환
1406,6급,심화,명사,심화 학습
1407,6급,심히,부사,심히 걱정스럽다
1408,6급,십시일반,명사,
1409,6급,싱그럽다,형용사,싱그러운 계절
1410,6급,싸늘하다,형용사,싸늘한 기운
1411,6급,싹02,부사,싹 자르다
1412,6급,싹트다,동사,사랑이 싹트다
1413,6급,쌍방,명사,쌍방 과실
1414,6급,쌍벽,명사,쌍벽을 이루다
1415,6급,쏠리다,동사,한쪽으로 쏠리다
1416,6급,씁쓸하다,형용사,씁쓸한 맛
1417,6급,아낌없다,형용사,아낌없는 사랑
1418,6급,아낌없이,부사,아낌없이 주다
1419,6급,아늑하다,형용사,아늑한 침실
1420,6급,아득하다,형용사,기억이 아득하다
1421,6급,아랑곳없이,부사,아랑곳없이 떠들다
1422,6급,아무쪼록,부사,
1423,6급,아부,명사,아부를 떨다
1424,6급,아비,명사,아비와 어미
1425,6급,아슬아슬,부사,아슬아슬 넘기다
1426,6급,아우르다,동사,전체를 아우르다
1427,6급,아찔하다,형용사,아찔한 순간
1428,6급,악01,명사,악이 오르다
1429,6급,악성00,명사,악성 바이러스
1430,6급,악역,명사,악역을 맡다
1431,6급,악하다,형용사,악한 마음
1432,6급,안간힘,명사,안간힘을 쏟다
1433,6급,안건,명사,안건을 토의하다
1434,6급,안달,명사,안달이 나다
1435,6급,안락,명사,안락을 추구하다
1436,6급,안락사,명사,안락사를 요구하다
1437,6급,안목,명사,안목이 높다
1438,6급,안쓰럽다,형용사,안쓰러운 마음
1439,6급,안이하다,형용사,안이한 생각
1440,6급,안일,명사,안일에 빠지다
1441,6급,안절부절,부사,안절부절 서성거리다
1442,6급,안주01,명사,현실 안주
1443,6급,알선,명사,취업 알선
1444,6급,알아채다,동사,속셈을 알아채다
1445,6급,암기력00,명사,암기력이 뛰어나다
1446,6급,암시,명사,암시를 받다
1447,6급,암컷,명사,암컷과 수컷
1448,6급,암호,명사,암호를 풀다
1449,6급,암흑기,명사,암흑기를 거치다
1450,6급,압도,명사,압도를 시키다
1524,6급,여성적01∙ 여성적02,관형사∙ 명사,여성적 취향
1452,6급,압박감,명사,압박감을 느끼다
1453,6급,압축,명사,압축 효과
1454,6급,앞다투다,동사,앞다퉈 뛰어들다
1455,6급,앞당기다,동사,계획을 앞당기다
1456,6급,앞장,명사,앞장을 서다
1457,6급,애지중지,부사,애지중지 키우다
1458,6급,애착,명사,애착을 가지다
1459,6급,애창곡,명사,애창곡을 부르다
1460,6급,애초01,명사,애초의 계획
1461,6급,애틋하다,형용사,애틋한 마음
1462,6급,야광,명사,야광 스티커
1463,6급,야기,명사,문제 야기
1464,6급,야단맞다,동사,선생님께 야단맞다
1465,6급,야당,명사,야당 의원
1466,6급,약물,명사,약물을 먹다
1467,6급,약세00,명사,약세를 보이다
1468,6급,약소하다00,형용사,약소한 선물
1469,6급,약탈,명사,약탈을 벌이다
1470,6급,얌체,명사,얌체 운전자
1471,6급,양상,명사,복잡한 양상
1472,6급,양성03,명사,인재 양성
1473,6급,양성평등,명사,양성평등을 주장하다
1474,6급,양식06,명사,양식이 바닥나다
1475,6급,양질,명사,양질의 서비스
1476,6급,양측,명사,양측 의견
1477,6급,얕보다,동사,얕보는 말투
1478,6급,어감00,명사,어감이 좋다
1479,6급,어금니,명사,어금니를 깨물다
1480,6급,어김없이,부사,어김없이 지키다
1481,6급,어둑어둑,부사,어둑어둑 해가 지다
1482,6급,어렴풋이,부사,어렴풋이 생각나다
1483,6급,어리다01,동사,눈물이 어리다
1484,6급,어리둥절하다,형용사,어리둥절한 모양
1485,6급,어마어마하다,형용사,규모가 어마어마하다
1486,6급,어민,명사,어민 마을
1487,6급,어부지리,명사,
1488,6급,어설프다,형용사,어설픈 연기
1489,6급,어수선하다,형용사,방이 어수선하다
1490,6급,어조,명사,어조가 부드럽다
1491,6급,어지럽히다,동사,눈앞을 어지럽히다
1492,6급,어처구니,명사,어처구니가 없다
1493,6급,어처구니없다,형용사,어처구니없는 행동
1494,6급,어투,명사,다정한 어투
1495,6급,억세다,형용사,줄기가 억세다
1496,6급,억수,명사,억수로 퍼붓다
1497,6급,억압,명사,종교 억압
1498,6급,억지,명사,억지를 부리다
1499,6급,언뜻,부사,언뜻 보이다
1500,6급,언론사,명사,언론사 기자
1501,6급,언행,명사,언행이 바르다
1502,6급,얻어맞다,동사,따귀를 얻어맞다
1503,6급,얼,명사,민족의 얼
1504,6급,얼버무리다,동사,대답을 얼버무리다
1505,6급,얼핏,부사,얼핏 보다
1506,6급,얽매이다,동사,관습에 얽매이다
1507,6급,엄두,명사,엄두가 나다
1508,6급,엄중하다,형용사,경비가 엄중하다
1509,6급,엄지,명사,엄지를 들다
1510,6급,업소,명사,판매 업소
1511,6급,업자,명사,부동산 업자
1512,6급,업종,명사,인기 업종
1513,6급,엇갈리다,동사,길이 엇갈리다
1514,6급,엉금엉금,부사,엉금엉금 기어가다
1515,6급,엉기다,동사,반죽이 엉기다
1516,6급,엉성하다,형용사,차림새가 엉성하다
1517,6급,엉키다,동사,선이 엉키다
1518,6급,엎다,동사,상을 엎다
1519,6급,에워싸다,동사,경호원이 에워싸다
1520,6급,여당,명사,여당의 정책
1521,6급,여류,명사,여류 시인
1522,6급,여리다,형용사,피부가 여리다
1523,6급,여성상00,명사,이상적인 여성상
1534,6급,역동적01∙ 역동적02,관형사∙ 명사,역동적 변화
1525,6급,여아00,명사,여아를 낳다
1526,6급,여야,명사,여야 회담
1527,6급,여의다,동사,부모를 여의다
1528,6급,여지00/여지,명사/의존명사,선택의 여지
1529,6급,여파,명사,여파가 밀려오다
1530,6급,역겹다,형용사,냄새가 역겹다
1531,6급,역경,명사,역경과 고난
1532,6급,역대,명사,역대 대통령
1533,6급,역도,명사,역도 선수
1554,6급,열성적01∙ 열성적02,관형사∙ 명사,열정적 태도
1535,6급,역량,명사,역량을 강화하다
1536,6급,역지사지,명사,
1537,6급,역효과,명사,역효과가 나다
1538,6급,연계,명사,연계 상품
1539,6급,연대01,명사,연대 미상
1540,6급,연료,명사,연료를 공급하다
1541,6급,연비,명사,연비가 줄다
1542,6급,연상01,명사,연상의 연인
1543,6급,연약하다,형용사,연약한 여자
1544,6급,연연하다01/연연하다02,동사/형용사,과거에 연연하다
1545,6급,연잇다,동사,폭우가 연잇다
1546,6급,연장자,명사,연장자를 우대하다
1547,6급,연재,명사,신문 연재
1548,6급,연초,명사,연초 계획
1549,6급,열거,명사,항목 열거
1550,6급,열광,명사,열광의 도가니
1551,6급,열띠다,형용사,열띤 토론
1552,6급,열망,명사,열망이 크다
1553,6급,열성00,명사,열성 유전자
1606,6급,외적01∙외적02,관형사∙ 명사,외적 조건
1555,6급,열악하다,형용사,열악한 환경
1556,6급,열풍01,명사,열풍이 불다
1557,6급,염두,명사,염두에 두다
1558,6급,염려,명사,주위의 염려
1559,6급,염원,명사,민족의 염원
1560,6급,염증,명사,염증이 생기다
1561,6급,염치,명사,염치가 없다
1562,6급,영광,명사,영광을 돌리다
1563,6급,영락없이00,부사,영락없이 똑같다
1564,6급,영리,명사,영리 목적
1565,6급,영문01,명사,영문을 모르다
1566,6급,영문02,명사,영문을 해석하다
1567,6급,영세민,명사,영세민을 착취하다
1568,6급,영양사00,명사,학교 영양사
1569,6급,영입,명사,선수 영입
1570,6급,영장,명사,영장을 발부하다
1571,6급,영재,명사,영재를 발굴하다
1572,6급,영토,명사,영토를 늘리다
1573,6급,예견,명사,예견이 적중하다
1574,6급,예리하다,형용사,예리한 송곳
1575,6급,예배,명사,예배를 드리다
1576,6급,예사롭다,형용사,예사로운 일
1577,6급,예수,명사,예수를 믿다
1578,6급,예술성,명사,예술성이 짙다
1579,6급,예의범절,명사,예의범절을 지키다
1580,6급,예체능,명사,예체능 과목
1581,6급,오기01,명사,오기가 생기다
1582,6급,오르막길,명사,오르막길을 오르다
1583,6급,오른팔,명사,오른팔을 쓰다
1584,6급,오붓하다,형용사,오붓한 분위기
1585,6급,오죽,부사,오죽 힘들면
1586,6급,옥상,명사,옥상에 올라가다
1587,6급,온실가스00,명사,온실가스를 배출하다
1588,6급,온전하다,형용사,온전한 상태
1589,6급,올바로,부사,올바로 인식하다
1590,6급,옷깃,명사,옷깃을 세우다
1591,6급,옷자락,명사,옷자락을 붙잡다
1592,6급,옹기종기,부사,옹기종기 모이다
1593,6급,완만하다02,형용사,완만한 경사
1594,6급,완주,명사,마라톤 완주
1595,6급,완화,명사,규제 완화
1596,6급,왈가왈부,명사,
1597,6급,왕궁,명사,화려한 왕궁
1598,6급,왕권,명사,왕권을 유지하다
1599,6급,왕위,명사,왕위 계승
1600,6급,왕조,명사,조선 왕조
1601,6급,왜곡,명사,역사 왜곡
1602,6급,왜소하다,형용사,왜소한 체격
1603,6급,외무부00,명사,외무부 직원
1604,6급,외신,명사,외신 기자
1605,6급,외유내강,명사,
1609,6급,외형적01∙ 외형적02,관형사∙ 명사,외형적 모습
1607,6급,외제,명사,외제 상품
1608,6급,외형,명사,외형이 아름답다
1629,6급,우발적01∙ 우발적02,관형사∙ 명사,우발적 사고
1610,6급,외환,명사,외환 위기
1611,6급,요건,명사,요건을 갖추다
1612,6급,요란,명사,요란을 떨다
1613,6급,요양,명사,요양 시설
1614,6급,요양원,명사,요양원을 방문하다
1615,6급,요점,명사,요점을 간추리다
1616,6급,요컨대,부사,
1617,6급,요트,명사,요트를 타다
1618,6급,용례,명사,용례를 분석하다
1619,6급,용모,명사,용모가 단정하다
1620,6급,용법,명사,다양한 용법
1621,6급,용의자,명사,용의자를 잡다
1622,6급,용이하다,형용사,사용이 용이하다
1623,6급,용하다,형용사,용한 점쟁이
1624,6급,우거지다,동사,숲이 우거지다
1625,6급,우뇌00,명사,우뇌가 발달하다
1626,6급,우뚝,부사,우뚝 솟다
1627,6급,우러나다,동사,맛이 우러나다
1628,6급,우렁차다,형용사,우렁찬 외침
1640,6급,우호적01∙ 우호적02,관형사∙ 명사,우호적 태도
1630,6급,우선순위,명사,우선순위를 정하다
1631,6급,우성,명사,우성 유전자
1632,6급,우세,명사,압도적 우세
1633,6급,우스꽝스럽 다,형용사,우스꽝스러운 말투
1634,6급,우여곡절,명사,
1635,6급,우열00,명사,우열을 가리다
1636,6급,우월,명사,우월 의식
1637,6급,우위,명사,우위를 차지하다
1638,6급,우직하다,형용사,우직한 성격
1639,6급,우파,명사,우파 세력
1665,6급,원색적01∙ 원색적02,관형사∙ 명사,원색적 색깔
1641,6급,우후죽순,명사,
1642,6급,운용,명사,운용 자금
1643,6급,운항,명사,항공 운항
1644,6급,울렁거리다,동사,울렁거리는 가슴
1645,6급,울먹이다,동사,울먹이는 목소리
1646,6급,울부짖다,동사,울부짖는 목소리
1647,6급,울창하다,형용사,나무가 울창하다
1648,6급,울퉁불퉁,부사,울퉁불퉁 파이다
1649,6급,울퉁불퉁하다,형용사,길이 울퉁불퉁하다
1650,6급,움츠리다,동사,몸을 움츠리다
1651,6급,움켜잡다,동사,손을 움켜잡다
1652,6급,움켜쥐다,동사,주먹을 움켜쥐다
1653,6급,웃돌다,동사,평균을 웃돌다
1654,6급,웅성웅성,부사,웅성웅성 떠들다
1655,6급,웅장하다,형용사,폭포가 웅장하다
1656,6급,웅크리다,동사,어깨를 웅크리다
1657,6급,원-,접사,원자재
1658,6급,-원03,접사,유치원
1659,6급,원가,명사,제품 원가
1660,6급,원격,명사,원격 조종
1661,6급,원고01,명사,원고 변호사
1662,6급,원금,명사,원금 이자
1663,6급,원동력,명사,삶의 원동력
1664,6급,원료,명사,천연 원료
1680,6급,위생적01∙ 위생적02,관형사∙ 명사,위생적 관리
1666,6급,원시01,명사,원시 시대
1667,6급,원심력,명사,원심력을 이용하다
1668,6급,원어민,명사,원어민 교사
1669,6급,원조02,명사,원조 물자
1670,6급,원주민,명사,원주민을 내쫓다
1671,6급,원형01,명사,원형을 복원하다
1672,6급,원활,명사,소통이 원활하다
1673,6급,월간01,명사,월간 잡지
1674,6급,월차,명사,월차를 내다
1675,6급,웰빙00,명사,웰빙 식품
1676,6급,위계질서,명사,위계질서를 따르다
1677,6급,위독하다,형용사,생명이 위독하다
1678,6급,위력,명사,위력을 발휘하다
1679,6급,위상,명사,위상을 높이다
1724,6급,윤리적00,관형사∙ 명사,윤리적 가치관
1681,6급,위성,명사,위성을 쏘다
1682,6급,위안,명사,위안을 받다
1683,6급,위암,명사,위암 환자
1684,6급,위원,명사,선거 위원
1685,6급,위인01,명사,세계의 위인
1686,6급,위인02,명사,형편없는 위인
1687,6급,위조,명사,위조 여권
1688,6급,위축,명사,세포의 위축
1689,6급,위태롭다,형용사,목숨이 위태롭다
1690,6급,위화감,명사,위화감을 조성하다
1691,6급,유02,명사,유와 무
1692,6급,유가01,명사,유가를 인상하다
1693,6급,유감,명사,유감을 표명하다
1694,6급,유골,명사,유골이 안치되다
1695,6급,유권자,명사,유권자의 선택
1696,6급,유난스럽다,형용사,유난스러운 행동
1697,6급,유대감,명사,유대감을 형성하다
1698,6급,유도01,명사,유도 선수
1699,6급,유독02,부사,유독 심하다
1700,6급,유동,명사,유동 인구
1737,6급,의도적01∙ 의도적02,관형사∙ 명사,의도적 접근
1702,6급,유례,명사,유례가 없다
1703,6급,유발,명사,동기 유발
1704,6급,유비무환,명사,
1705,6급,유서02,명사,유서를 남기다
1706,6급,유세,명사,선거 유세
1707,6급,유식하다,형용사,유식한 사람
1708,6급,유언,명사,유언을 남기다
1709,6급,유언비어,명사,
1710,6급,유연성,명사,유연성을 기르다
1711,6급,유유상종,명사,
1712,6급,유일무이,명사,
1713,6급,유입,명사,지하수 유입
1714,6급,유전02,명사,가풍 유전
1715,6급,유전병,명사,유전병에 걸리다
1716,6급,유창성,명사,유창성을 기르다
1717,6급,유치02,명사,올림픽 유치
1718,6급,유포,명사,유언비어 유포
1719,6급,유학03,명사,유학을 공부하다
1720,6급,유행가,명사,유행가를 부르다
1721,6급,유흥비,명사,유흥비로 사용하다
1722,6급,유희,명사,유희 시설
1723,6급,육로,명사,육로로 이동하다
1738,6급,의례적01∙ 의례적02,관형사∙ 명사,의례적 행사
1725,6급,율동,명사,율동을 배우다
1726,6급,융통성,명사,융통성이 없다
1727,6급,융합,명사,융합 실험
1728,6급,으스대다,동사,으스대는 모습
1729,6급,은근히,부사,은근히 미워하다
1730,6급,은메달,명사,은메달을 따다
1731,6급,은사01,명사,대학 은사
1732,6급,은은하다,형용사,은은한 조명
1733,6급,음02,명사,음과 양
1734,6급,음모00,명사,음모를 꾸미다
1735,6급,음향,명사,음향 효과
1736,6급,의02,명사,의를 저버리다
1743,6급,의식적01∙ 의식적02,관형사∙ 명사,의식적 행동
1745,6급,의욕적01∙ 의욕적02,관형사∙ 명사,의욕적 자세
1739,6급,의뢰,명사,협조 의뢰
1740,6급,의리,명사,의리를 지키다
1741,6급,의생활,명사,의생활과 식생활
1742,6급,의술,명사,뛰어난 의술
1749,6급,의존적01∙ 의존적02,관형사∙ 명사,의존적 자세
1744,6급,의아하다,형용사,의아한 시선
1750,6급,의학적01∙ 의학적02,관형사∙ 명사,의학적 지식
1746,6급,의원02,명사,국회 의원
1747,6급,의젓하다,형용사,의젓한 태도
1748,6급,의존도,명사,의존도가 높다
1761,6급,이례적01∙ 이례적02,관형사∙ 명사,이례적 조치
1767,6급,이색적01∙ 이색적02,관형사∙ 명사,이색적 풍경
1751,6급,의향,명사,의향을 묻다
1752,6급,의혹,명사,의혹이 생기다
1753,6급,의회,명사,의회가 열리다
1754,6급,이견,명사,이견을 좁히다
1755,6급,이글거리다,동사,이글거리는 태양
1756,6급,이기심,명사,이기심을 버리다
1757,6급,이끌리다,동사,손에 이끌리다
1758,6급,이다00,동사,머리에 이다
1759,6급,이따금,부사,이따금 생각나다
1760,6급,이력,명사,이력이 화려하다
1788,6급,인격적00,관형사∙ 명사,인격적 존중
1762,6급,이를테면,부사,
1763,6급,이면01,명사,이면에 쓰다
1764,6급,이바지00,명사,사회에 이바지하다
1765,6급,이산가족,명사,이산가족 상봉
1766,6급,이상02,명사,이상을 실현하다
1789,6급,인공적00,관형사∙ 명사,인공적인 맛
1768,6급,이슬,명사,이슬이 맺히다
1769,6급,이식,명사,심장 이식
1770,6급,이심전심,명사,
1771,6급,이어받다,동사,전통을 이어받다
1772,6급,이왕이면,부사,
1773,6급,이윤,명사,이윤이 남다
1774,6급,이의02,명사,이의를 제기하다
1775,6급,이점,명사,지리적 이점
1776,6급,이제껏,부사,이제껏 돌아다니다
1777,6급,이주,명사,해외 이주
1778,6급,이주민,명사,이주민이 늘어나다
1779,6급,이직률,명사,이직률이 늘다
1780,6급,이탈,명사,항로 이탈
1781,6급,이해01,명사,이해를 따지다
1782,6급,이행02,명사,약속 이행
1783,6급,익명,명사,익명의 제보자
1784,6급,익살스럽다,형용사,익살스러운 표정
1785,6급,-인,접사,한국인
1786,6급,인간미,명사,인간미가 넘치다
1787,6급,인건비,명사,인건비가 비싸다
1792,6급,인도적01∙ 인도적02,관형사∙ 명사,인도적 차원
1796,6급,인위적01∙ 인위적02,관형사∙ 명사,인위적 모습
1790,6급,인권,명사,인권을 존중하다
1791,6급,인내,명사,인내로 극복하다
1797,6급,인적01∙인적02,관형사∙ 명사,인적 사항
1793,6급,인문학,명사,인문학을 공부하다
1794,6급,인산인해,명사,
1795,6급,인생관,명사,긍정적 인생관
1837,6급,자기중심적00,관형사∙ 명사,자기중심적 사고
1841,6급,자발적01∙ 자발적02,관형사∙ 명사,자발적 참여
1798,6급,인지도,명사,인지도가 떨어지다
1799,6급,인출,명사,예금 인출
1800,6급,-일,접사,기념일
1801,6급,일감,명사,일감이 쌓이다
1802,6급,일관성,명사,일관성을 유지하다
1803,6급,일깨우다,동사,잘못을 일깨우다
1804,6급,일념,명사,복수의 일념
1805,6급,일대일00,명사,일대일 면접
1806,6급,일련,명사,일련의 과정
1807,6급,일례,명사,일례를 들다
1808,6급,일몰,명사,일몰 시간
1809,6급,일삼다,동사,운동을 일삼다
1810,6급,일상화,명사,운동의 일상화
1811,6급,일원,명사,사회의 일원
1812,6급,일정량,명사,일정량을 넘다
1813,6급,일제히,부사,일제히 일어서다
1814,6급,일찌감치,부사,일찌감치 끝내다
1815,6급,일컫다,동사,최고라 일컫다
1816,6급,일탈,명사,일탈 행위
1817,6급,일터,명사,일터에서 일하다
1818,6급,일환,명사,사업의 일환
1819,6급,임기,명사,임기가 끝나다
1820,6급,임대료,명사,임대료를 내다
1821,6급,임명,명사,임명을 받다
1822,6급,임신부,명사,만삭의 임신부
1823,6급,임업,명사,임업이 발달하다
1824,6급,임용,명사,교사 임용
1825,6급,임원,명사,임원을 선출하다
1826,6급,임종,명사,임종을 지키다
1827,6급,임하다02,동사,경기에 임하다
1828,6급,입상,명사,대회 입상
1829,6급,입양,명사,해외 입양
1830,6급,입증,명사,무죄 입증
1831,6급,잇달다,동사,문의가 잇달다
1832,6급,자가,명사,자가 진단
1833,6급,자각,명사,자각 증세
1834,6급,자갈,명사,자갈을 줍다
1835,6급,자그마하다,형용사,자그마한 몸집
1836,6급,자급자족,명사,
1853,6급,자율적01∙ 자율적02,관형사∙ 명사,자율적 분위기
1838,6급,자립,명사,경제적 자립
1839,6급,자만,명사,자만에 빠지다
1840,6급,자문02,명사,자문을 구하다
1911,6급,전략적01∙ 전략적02,관형사∙ 명사,전략적 선택
1842,6급,자백,명사,자백을 받다
1843,6급,자본주의,명사,자본주의 사회
1844,6급,자산,명사,자산을 모으다
1845,6급,자수01,명사,범인의 자수
1846,6급,자수성가,명사,
1847,6급,자신만만하다,형용사,자신만만한 태도
1848,6급,자아,명사,자아가 강하다
1849,6급,"자아실현
00",명사,자아실현을 꿈꾸다
1850,6급,자유분방,명사,
1851,6급,자유자재,명사,
1852,6급,자율,명사,자율 학습
1915,6급,전면적01∙ 전면적02,관형사∙ 명사,전면적 개혁
1854,6급,자장가,명사,자장가를 부르다
1855,6급,자재,명사,건축 자재
1856,6급,자질,명사,자질을 갖추다
1857,6급,자초지종,명사,
1858,6급,자취,명사,자취를 감추다
1859,6급,자칫,부사,자칫 잘못되다
1860,6급,자칫하다,동사,자칫하면 늦다
1861,6급,자태,명사,자태가 아름답다
1862,6급,작정,명사,떠나기로 작정하다
1863,6급,잘다,형용사,알이 잘다
1864,6급,잠잠하다,형용사,바람이 잠잠하다
1865,6급,잠재력,명사,잠재력을 지니다
1866,6급,잡다하다,형용사,잡다한 생각
1867,6급,장거리,명사,장거리 운전
1868,6급,장담,명사,장담을 못하다
1869,6급,장려,명사,저축 장려
1870,6급,장본인,명사,사건의 장본인
1871,6급,장신구,명사,머리 장신구
1872,6급,장악,명사,언론 장악
1873,6급,장유유서00,명사,
1874,6급,장인00,명사,장인 정신
1875,6급,장차,부사,장차 발전하다
1876,6급,재기02,명사,재기를 꿈꾸다
1877,6급,재롱,명사,재롱을 피우다
1878,6급,재무,명사,재무를 관리하다
1879,6급,재배02,명사,작물 재배
1880,6급,재앙,명사,재앙이 닥치다
1881,6급,재원02,명사,막대한 재원
1882,6급,재정,명사,국가 재정
1883,6급,재직,명사,재직 기간
1884,6급,재치,명사,재치가 넘치다
1885,6급,재테크,명사,재테크 비법
1886,6급,재현,동사,상황 재현
1887,6급,재활,명사,재활 운동
1888,6급,잽싸다,형용사,걸음이 잽싸다
1889,6급,쟁점,명사,쟁점을 다루다
1890,6급,저버리다,동사,기대를 저버리다
1891,6급,저서,명사,저서를 쓰다
1892,6급,저소득,명사,저소득과 고소득
1893,6급,저승,명사,저승과 이승
1894,6급,저작권,명사,저작권을 가지다
1895,6급,저조,명사,참여율 저조
1896,6급,저항,명사,저항을 받다
1897,6급,저해,명사,저해 요인
1898,6급,적대,명사,적대 관계
1899,6급,적도,명사,지구의 적도
1900,6급,적발,명사,비리 적발
1901,6급,적응력,명사,적응력이 뛰어나다
1902,6급,적잖다,형용사,적잖은 비용
1903,6급,적정,명사,적정 온도
1904,6급,-전04,접사,결승전
1905,6급,전기00,명사,전기를 맞이하다
1906,6급,전기03,명사,전기를 읽다
1907,6급,전념,명사,전념을 다하다
1908,6급,전담02,명사,전담 부서
1909,6급,전동,명사,전동 기관차
1910,6급,전래,명사,전래 동화
1920,6급,전반적01∙ 전반적02,관형사∙ 명사,전반적 수준
1912,6급,전력01,명사,전력을 다하다
1913,6급,전망대,명사,전망대에 오르다
1914,6급,전면01,명사,전면 광고
1944,6급,점진적01∙ 점진적02,관형사∙ 명사,점진적 발전
1916,6급,전무후무,명사,
1917,6급,전문01,명사,전문을 읽다
1918,6급,전반00,명사,전반과 후반
1919,6급,전반부,명사,전반부와 후반부
1966,6급,정열적01∙ 정열적02,관형사∙ 명사,정열적 사랑
1921,6급,전성기,명사,전성기를 누리다
1922,6급,전셋값,명사,전셋값이 비싸다
1923,6급,전신01,명사,전신 거울
1924,6급,전업01,명사,전업 작가
1925,6급,전역01,명사,수도권 전역
1926,6급,전유물,명사,특권층의 전유물
1927,6급,전율,명사,전율을 느끼다
1928,6급,전직01,명사,전직 장관
1929,6급,전투,명사,전투를 치르다
1930,6급,전파01,명사,문화의 전파
1931,6급,전형01,명사,전형을 따르다
1932,6급,전화위복,명사,
1933,6급,전환기,명사,전환기를 맞다
1934,6급,절감,명사,에너지 절감
1935,6급,절도02,명사,절도 사건
1936,6급,절로01,부사,절로 웃음이 나다
1937,6급,절실하다,형용사,절실한 눈빛
1938,6급,절전00,명사,에너지 절전
1939,6급,절제02,명사,감정의 절제
1940,6급,절친하다,형용사,절친한 사이
1941,6급,점01,명사,점을 보다
1942,6급,점령,명사,점령을 당하다
1943,6급,점유율,명사,점유율이 높다
1967,6급,정적02∙정적03,관형사∙ 명사,정적인 분위기
1945,6급,점포,명사,점포 임대
1946,6급,접대,명사,접대를 받다
1947,6급,접전,명사,접전을 벌이다
1948,6급,접종,명사,예방 접종
1949,6급,정감,명사,정감을 느끼다
1950,6급,정계,명사,정계 인사
1951,6급,정교하다,형용사,정교한 기법
1952,6급,정권,명사,정권이 바뀌다
1953,6급,정규,명사,정규 직원
1954,6급,정년,명사,정년을 앞두다
1955,6급,정당하다,형용사,정당한 대가
1956,6급,정밀,명사,정밀 검사
1957,6급,정복,명사,정복을 당하다
1958,6급,정비,명사,제도 정비
1959,6급,정사각형,명사,정사각형 모양
1960,6급,정상화,명사,정상화 대책
1971,6급,정책적01∙ 정책적02,관형사∙ 명사,정책적 지원
1962,6급,정세02,동사,주변 정세
1963,6급,정신력,명사,정신력이 강하다
1964,6급,정연하다,형용사,논리가 정연하다
1965,6급,정열,명사,정열을 바치다
1979,6급,제도적01∙ 제도적02,관형사∙ 명사,제도적 장치
2003,6급,조직적01∙ 조직적02,관형사∙ 명사,조직적 활동
1968,6급,정적04,명사,정적이 흐르다
1969,6급,정점,명사,정점에 다다르다
1970,6급,정정당당하 다,형용사,정정당당한 승부
2016,6급,종합적01∙ 종합적02,관형사∙ 명사,종합적 연구
1972,6급,정체01,명사,정체가 드러나다
1973,6급,정체기,명사,정체기를 겪다
1974,6급,정체성,명사,정체성을 찾다
1975,6급,정통,명사,정통 요리
1976,6급,정화01,명사,환경 정화
1977,6급,젖히다01,동사,고개를 뒤로 젖히다
1978,6급,제각기01/ 제각기02,명사/부사,제각기 다르다
2041,6급,중점적01∙ 중점적02,관형사∙ 명사,중점적인 투자
1980,6급,제의,명사,제의가 들어오다
1981,6급,제재01,명사,복장 제재
1982,6급,제정,명사,법 제정
1983,6급,제치다,동사,라이벌을 제치다
1984,6급,제패,명사,세계 재패
1985,6급,조급하다,형용사,조급한 성격
1986,6급,조립,명사,장난감 조립
1987,6급,조마조마,부사,조마조마 걱정하다
1988,6급,조만간,부사,조만간 만나다
1989,6급,조문02,명사,조문을 가다
1990,6급,조문객,명사,조문객을 맞이하다
1991,6급,조부모,명사,부모를 모시다
1992,6급,조선업,명사,조선업에 종사하다
1993,6급,조성,명사,분위기 조성
1994,6급,조세,명사,조세를 거두다
1995,6급,조심조심,부사,조심조심 걸어가다
1996,6급,조연,명사,조연 배우
1997,6급,조의,명사,조의를 표하다
1998,6급,조작02,명사,기계 조작
1999,6급,조장01,명사,과소비 조장
2000,6급,조정00,명사,조정 경기
2001,6급,조정01,명사,의견 조정
2002,6급,조종,명사,비행기 조종
2059,6급,지리적01∙ 지리적02,관형사∙ 명사,지리적 조건
2004,6급,조짐,명사,조짐을 보이다
2005,6급,조치,명사,조치를 취하다
2006,6급,조형미,명사,조형미가 돋보이다
2007,6급,조화롭다,형용사,조화로운 삶
2008,6급,-족,접사,조선족
2009,6급,족하다,형용사,그걸로 족하다
2010,6급,존엄성,명사,인간의 존엄성
2011,6급,졸지00,명사,졸지에 공개되다
2012,6급,종결,명사,수사의 종결
2013,6급,종사00,명사,전문직 종사
2014,6급,종사자,명사,산업 종사자
2015,6급,종전01,명사,종전의 방식
2064,6급,지배적01∙ 지배적02,관형사∙ 명사,지배적 견해
2017,6급,좌뇌00,명사,좌뇌와 우뇌
2018,6급,좌담회,명사,좌담회를 열다
2019,6급,좌파,명사,좌파와 우파
2020,6급,죄송스럽다,형용사,죄송스러운 마음
2021,6급,죄인,명사,죄인을 처벌하다
2022,6급,주권,명사,나라의 주권
2023,6급,주력,명사,주력 상품
2024,6급,주범,명사,사건의 주범
2025,6급,주생활,명사,주생활을 개선하다
2026,6급,주선,명사,주선으로 만나다
2027,6급,주역,명사,승리의 주역
2028,6급,주전,명사,주전 선수
2029,6급,주체02,명사,행동의 주체
2030,6급,주최,명사,주최로 열리다
2031,6급,준수,명사,신호 준수
2032,6급,중공업,명사,중공업이 발전하다
2033,6급,중대02,명사,중대 발표
2034,6급,중도01,명사,중도에 탈락하다
2035,6급,중력,명사,지구의 중력
2036,6급,중립,명사,중립을 지키다
2037,6급,중병00,명사,중병에 걸리다
2038,6급,중산층,명사,중산층 가정
2039,6급,중소,명사,중소 도시
2040,6급,중점,명사,중점을 두다
2068,6급,지적01∙지적02,관형사∙ 명사,지적 호기심
2042,6급,중증,명사,중증 환자
2043,6급,즐비하다,형용사,건물이 즐비하다
2044,6급,즙,명사,즙을 마시다
2045,6급,증가세,명사,증가세를 보이다
2046,6급,증대,명사,소득 증대
2047,6급,증발,명사,수분의 증발
2048,6급,증원,명사,신입생 증원
2049,6급,증정,명사,선물 증정
2050,6급,증진,명사,식욕 증진
2051,6급,증후군,명사,명절 증후군
2052,6급,지구력,명사,지구력을 기르다
2053,6급,지그시,부사,지그시 누르다
2054,6급,지극하다,형용사,지극한 정성
2055,6급,지껄이다,동사,지껄이는 소리
2056,6급,지대,명사,산간 지대
2057,6급,지독하다,형용사,냄새가 지독하다
2058,6급,지름,명사,원의 지름
2081,6급,진보적01∙ 진보적02,관형사∙ 명사,진보적 인사
2060,6급,지망,명사,지망 학과
2061,6급,지문01,명사,교과서의 지문
2062,6급,지문02,명사,지문을 채취하다
2063,6급,지배,명사,식민지 지배
2088,6급,진취적01∙ 진취적02,관형사∙ 명사,진취적 사고
2065,6급,지성02,명사,지성이 뛰어나다
2066,6급,지원금,명사,지원금을 받다
2067,6급,지인,명사,지인을 만나다
2140,6급,천부적01∙ 천부적02,관형사∙ 명사,천부적인 재능
2069,6급,지지율,명사,지지율이 높다
2070,6급,지침,명사,행동 지침
2071,6급,지향01,명사,미래 지향
2072,6급,지휘,명사,작전 지휘
2073,6급,직거래,명사,농산물 직거래
2074,6급,직관,명사,직관으로 판단하다
2075,6급,직면00,명사,현실에 직면하다
2076,6급,직무,명사,직무를 수행하다
2077,6급,직사각형,명사,직사각형 모양
2078,6급,직속,명사,직속 후배
2079,6급,-진,접사,취재진
2080,6급,진보,명사,진보와 퇴보
2158,6급,초월적00,관형사∙ 명사,초월적인 존재
2082,6급,진상01,명사,사건의 진상
2083,6급,진열,명사,진열 상품
2084,6급,진작01,부사,진작 말하다
2085,6급,진전,명사,진전이 없다
2086,6급,진정01,부사,진정 기쁘다
2087,6급,진정03,명사,사태 진정
2164,6급,총체적01∙ 총체적02,관형사∙ 명사,총체적인 노력
2089,6급,진풍경,명사,진풍경이 펼쳐지다
2090,6급,진흥,명사,무역 진흥
2091,6급,질량,명사,질량을 재다
2092,6급,질의,명사,질의에 대답하다
2093,6급,짊어지다,동사,가방을 짊어지다
2094,6급,-집03,접사,소설집
2095,6급,집사람,명사,집사람과 의논하다
2096,6급,집필,명사,원고 집필
2097,6급,집회,명사,집회에 참석하다
2098,6급,짓궂다,형용사,짓궂은 농담
2099,6급,짓밟다,동사,잔디를 짓밟다
2100,6급,징역,명사,징역을 살다
2101,6급,징크스,명사,징크스를 깨다
2102,6급,짜임새,명사,짜임새를 갖추다
2103,6급,짤막하다,형용사,글이 짤막하다
2104,6급,째려보다,동사,카메라를 째려보다
2105,6급,쩔쩔매다,동사,혼자 쩔쩔매다
2106,6급,쪼그리다,동사,무릎을 쪼그리다
2107,6급,쭈그리다,동사,쭈그려 앉다
2108,6급,찌들다,동사,땀에 찌들다
2109,6급,찌뿌드드하다,형용사,온몸이 찌뿌드드하다
2110,6급,찔리다,동사,바늘에 찔리다
2111,6급,찧다,동사,방아를 찧다
2112,6급,차곡차곡,부사,차곡차곡 모으다
2113,6급,차관01,명사,교육부 차관
2114,6급,차일피일,부사,차일피일 미루다
2115,6급,차질,명사,차질을 빚다
2116,6급,착륙,명사,비행기 착륙
2117,6급,착실하다,형용사,착실한 사람
2118,6급,착오,명사,착오가 생기다
2119,6급,찬란하다,형용사,햇살이 찬란하다
2120,6급,찬반,명사,찬반 토론
2121,6급,찬사,명사,찬사를 보내다
2122,6급,찬송가,명사,찬송가를 부르다
2123,6급,참견,명사,괜한 참견
2124,6급,참배,명사,신사 참배
2125,6급,창백하다,형용사,얼굴색이 창백하다
2126,6급,창의성,명사,창의성을 발휘하다
2127,6급,창작품,명사,예술적 창작품
2128,6급,창출,명사,일자리 창출
2129,6급,채05,부사,
2130,6급,채다03,동사,눈치를 채다
2131,6급,처가,명사,처가에 가다
2132,6급,처량하다,형용사,신세가 처량하다
2133,6급,처마,명사,처마 끝
2134,6급,처지,명사,처지가 딱하다
2135,6급,처지다,동사,눈꺼풀이 처지다
2136,6급,처참하다,형용사,모습이 처참하다
2137,6급,척추,명사,척추가 휘다
2138,6급,천막,명사,천막을 치다
2139,6급,천만다행,명사,천만다행으로 여기다
2175,6급,추상적01∙ 추상적02,관형사∙ 명사,추상적인 그림
2141,6급,천지,명사,천지 차이
2142,6급,천하다,형용사,신분이 천하다
2143,6급,철강,명사,철강 산업
2144,6급,철거,명사,아파트 철거
2145,6급,철새,명사,겨울 철새
2146,6급,철수,명사,군대 철수
2147,6급,첨단,명사,첨단  과학
2148,6급,첨예하다,형용사,대립이 첨예하다
2149,6급,청중,명사,청중을 사로잡다
2150,6급,체내,명사,체내 수분
2151,6급,체벌,명사,체벌을 받다
2152,6급,체제,명사,민주주의 체제
2153,6급,체포,명사,범인 체포
2154,6급,초가집,명사,초가집 지붕
2155,6급,초능력,명사,초능력을 지니다
2156,6급,초래,명사,갈등 초래
2157,6급,초월,명사,상상 초월
2197,6급,치명적01∙ 치명적02,관형사∙ 명사,치명적인 실수
2159,6급,초창기,명사,초창기 모습
2160,6급,촉각02,명사,손끝의 촉각
2161,6급,촉진,명사,개발 촉진
2162,6급,촉촉하다,형용사,피부가 촉촉하다
2163,6급,총액,명사,소득 총액
2279,6급,특징적01∙ 특징적02,관형사∙ 명사,특징적인 행동
2165,6급,최고령,명사,최고령 합격자
2166,6급,최고조,명사,최고조에 달하다
2167,6급,최악,명사,최악의 결과
2168,6급,최연소,명사,최연소 선수
2169,6급,최적,명사,최적의 환경
2170,6급,최첨단,명사,최첨단 시설
2171,6급,최후,명사,최후의 선택
2172,6급,추격,명사,경찰의 추격
2173,6급,추리다,동사,지원자를 추리다
2174,6급,추모,명사,희생자 추모
2289,6급,파격적01∙ 파격적02,관형사∙ 명사,파격적인 조건
2176,6급,추이,명사,변화 추이
2177,6급,추적,명사,범인 추적
2178,6급,추정,명사,추정 보도
2179,6급,축축하다,형용사,수건이 축축하다
2180,6급,출동,명사,긴급 출동
2181,6급,출마,명사,대통령 출마
2182,6급,출범,명사,정부 출범
2183,6급,출세,명사,출세 가도
2184,6급,출제,명사,문제 출제
2185,6급,출품,명사,출품 작품
2186,6급,출혈,명사,과다 출혈
2187,6급,충실01,명사,충실한 강의
2188,6급,충실히02,부사,충실히 수행하다
2189,6급,취약,명사,취약 계층
2190,6급,취임,명사,취임 연설
2191,6급,취지,명사,취지에 맞다
2192,6급,취학,명사,취학 아동
2193,6급,측정,명사,무게 측정
2194,6급,-치,접사,최고치
2195,6급,치닫다,동사,위로 치닫다
2196,6급,치매,명사,치매에 걸리다
2321,6급,편파적01∙ 편파적02,관형사∙ 명사,편파적인 보도
2198,6급,치밀다,동사,위로 치밀다
2199,6급,치솟다,동사,불길이 치솟다
2200,6급,치안,명사,치안 유지
2201,6급,치열하다,형용사,경쟁이 치열하다
2202,6급,치욕,명사,치욕을 당하다
2203,6급,치우치다,동사,한쪽으로 치우치다
2204,6급,치유,명사,자연 치유
2205,6급,치중,명사,형식에 치중하다
2206,6급,치켜들다,동사,고개를 치켜들다
2207,6급,친교,명사,친교 관계
2208,6급,친숙하다,형용사,친숙한 사이
2209,6급,친화,명사,자연 친화
2210,6급,친화력,명사,친화력이 좋다
2211,6급,칠전팔기,명사,
2212,6급,침범,명사,침범 행위
2213,6급,침입,명사,적의 침입
2214,6급,침체기00,명사,경기 침체기
2215,6급,칭하다,동사,황제로 칭하다
2216,6급,캐다,동사,나물을 캐다
2217,6급,캐묻다,동사,
2218,6급,캠프,명사,야외 캠프
2219,6급,컨디션,명사,컨디션이 좋다
2220,6급,코치,명사,코치를 받다
2221,6급,콧날,명사,콧날이 오뚝하다
2222,6급,쾌감,명사,쾌감을 느끼다
2223,6급,쾌락,명사,정신적 쾌락
2224,6급,큰소리치다,동사,아내에게 큰소리 치다
2225,6급,타격,명사,정신적 타격
2226,6급,타당성,명사,타당성 검토
2227,6급,타당하다,형용사,근거가 타당하다
2228,6급,타산지석,명사,
2229,6급,타이르다,동사,아이를 타이르다
2230,6급,타협,명사,노사 타협
2231,6급,탁,부사,탁 트이다
2232,6급,탁월하다,형용사,능력이 탁월하다
2233,6급,탄력,명사,근육의 탄력
2234,6급,탄성02,명사,탄성이 터지다
2235,6급,탄식,명사,탄식 소리
2236,6급,탄압,명사,인권 탄압
2237,6급,탄탄하다01,형용사,근육이 탄탄하다
2238,6급,탄탄히00,부사,탄탄히 다지다
2239,6급,탈-,접사,탈냉전
2240,6급,탐구,명사,학문 탐구
2241,6급,태교,명사,태교 음악
2242,6급,터득,명사,요령을 터득하다
2243,6급,터무니없다,형용사,이야기가 터무니없다
2244,6급,터전,명사,삶의 터전
2245,6급,터트리다,동사,폭탄을 터트리다
2246,6급,턱없이,부사,턱없이 부족하다
2247,6급,털썩,부사,털썩 앉다
2248,6급,털어놓다,동사,사실을 털어놓다
2249,6급,테두리,명사,테두리를 그리다
2250,6급,톡톡,부사,톡톡 터지다
2251,6급,톡톡히,부사,톡톡히 혼나다
2252,6급,통념,명사,통념을 깨다
2253,6급,통보,명사,합격 통보
2254,6급,통상01,명사,통상 마찰
2255,6급,통속,명사,통속에 따르다
2256,6급,통용,명사,화폐 통용
2257,6급,통째,명사,통째로 삼키다
2258,6급,통치,명사,군사 통치
2259,6급,통쾌하다,형용사,통쾌한 복수
2260,6급,통틀다,동사,모든 것을 통틀어
2261,6급,통풍,명사,통풍 장치
2262,6급,퇴임,명사,정년 퇴임
2263,6급,퇴진,명사,경영진 퇴진
2264,6급,투기01,명사,부동산 투기
2265,6급,투박하다,형용사,손이 투박하다
2266,6급,투병,명사,투병 생활
2267,6급,투입,명사,
2268,6급,투쟁,명사,정치적 투쟁
2269,6급,투정,명사,투정을 부리다
2270,6급,투철하다,형용사,애국심이 투철하다
2271,6급,트다01,동사,싹이 트다
2272,6급,트다02,동사,길을 트다
2273,6급,트림,명사,트림이 나오다
2274,6급,트집,명사,트집을 잡다
2275,6급,특권,명사,특권을 누리다
2276,6급,특수성,명사,지역적 특수성
2277,6급,특질,명사,유전적 특질
2278,6급,특집,명사,특집 방송
2328,6급,평화적01∙ 평화적02,관형사∙ 명사,평화적인 해결
2280,6급,특허,명사,발명 특허
2281,6급,특혜,명사,특혜를 받다
2282,6급,튼튼히,부사,튼튼히 짓다
2283,6급,틀,명사,틀에 넣다
2284,6급,틀어막다,동사,귀를 틀어막다
2285,6급,틀어박히다,동사,방에 틀어박히다
2286,6급,틈새,명사,틈새를 막다
2287,6급,티격태격하다,동사,동생과 티격태격하다
2288,6급,티끌,명사,티끌만큼 작다
2333,6급,폐쇄적01∙ 폐쇄적02,관형사∙ 명사,폐쇄적인 구조
2290,6급,파견,명사,파견 근무
2291,6급,파급,명사,파급 효과
2292,6급,파내다,동사,땅을 파내다
2293,6급,파란만장,명사,
2294,6급,파멸,명사,인류 파멸
2295,6급,파문,명사,파문이 일다
2296,6급,파업,명사,노조 파업
2297,6급,파이프,명사,수도 파이프
2298,6급,파장01,명사,사회적 파장
2299,6급,파헤치다,동사,땅을 파헤치다
2300,6급,판결,명사,판결을 내리다
2301,6급,판명,명사,판명이 나다
2302,6급,판이하다,형용사,판이한 결과
2303,6급,판정,명사,판정을 내리다
2304,6급,판촉,명사,판촉 광고
2305,6급,팔방미인,명사,
2306,6급,팔자,명사,팔자가 기구하다
2307,6급,패04,명사,패를 나누다
2308,6급,패기,명사,젊은이의 패기
2309,6급,패배,명사,패배를 당하다
2310,6급,패자,명사,승자와 패자
2311,6급,패턴,명사,생활 패턴
2312,6급,팽개치다,동사,가방을 팽개치다
2313,6급,팽창,명사,부피 팽창
2314,6급,팽팽하다,형용사,줄이 팽팽하다
2315,6급,퍼붓다,동사,눈이 퍼붓다
2316,6급,펄쩍,부사,펄쩍 뛰다
2317,6급,펄펄,부사,펄펄 끓다
2318,6급,펭귄,명사,펭귄처럼 걷다
2319,6급,편들다,동사,한쪽을 편들다
2320,6급,편입,명사,대학 편입
2349,6급,표면적01∙ 표면적02,관형사∙ 명사,표면적인 관계
2322,6급,평론,명사,소설 평론
2323,6급,평면,명사,평면 텔레비전
2324,6급,평야,명사,평야 지대
2325,6급,평온,명사,마음의 평온
2326,6급,평이하다,형용사,수준이 평이하다
2327,6급,평평하다,형용사,땅이 평평하다
2375,6급,필연적01∙ 필연적02,관형사∙ 명사,필연적인 결과
2329,6급,폐기물,명사,폐기물 처리
2330,6급,폐렴,명사,폐렴에 걸리다
2331,6급,폐막식,명사,올림픽 폐막식
2332,6급,폐쇄,명사,출입구 폐쇄
2391,6급,학문적01∙ 학문적02,관형사∙ 명사,학문적 토대
2334,6급,폐장,명사,폐장 시간
2335,6급,폐해,명사,흡연의 폐해
2336,6급,폐허,명사,폐허가 되다
2337,6급,폐활량,명사,폐활량이 늘다
2338,6급,포부,명사,원대한 포부
2339,6급,포용,명사,상대를 포용하다
2340,6급,폭격,명사,무차별 폭격
2341,6급,폭등,명사,물가 폭등
2342,6급,폭락,명사,주가 폭락
2343,6급,폭로,명사,비리 폭로
2344,6급,폭염,명사,폭염 특보
2345,6급,폭파,명사,폭파 사고
2346,6급,폭풍,명사,폭풍이 불다
2347,6급,폭행,명사,집단 폭행
2348,6급,표류,명사,표류 선박
2418,6급,합법적01∙ 합법적02,관형사∙ 명사,합법적인 절차
2350,6급,표명,명사,사의 표명
2351,6급,표방,명사,민주주의의 표방
2352,6급,표본,명사,표본으로 삼다
2353,6급,표어,명사,불조심 표어
2354,6급,표적,명사,표적으로 삼다
2355,6급,푸근하다,형용사,이불이 푸근하다
2356,6급,푸념,명사,푸념을 늘어놓다
2357,6급,푸대접,명사,멸시와 푸대접
2358,6급,풀03,명사,풀이 죽다
2359,6급,풀어내다,동사,문제를 풀어내다
2360,6급,풀어놓다,동사,개를 풀어놓다
2361,6급,품격,명사,품격을 높이다
2362,6급,품위,명사,품위를 지키다
2363,6급,품종,명사,품종 개량
2364,6급,품행,명사,품행이 단정하다
2365,6급,풋풋하다,형용사,풋풋한 신입생
2366,6급,풍자,명사,사회 풍자
2367,6급,풍조,명사,과소비 풍조
2368,6급,풍족하다,형용사,살림이 풍족하다
2369,6급,풍토,명사,척박한 풍토
2370,6급,피고,명사,피고와 원고
2371,6급,피고인,명사,피고인을 변호하다
2372,6급,피력,명사,의견 피력
2373,6급,피살,명사,피살 사건
2374,6급,피차,명사,피차 마찬가지다
2434,6급,해학적01∙ 해학적02,관형사∙ 명사,해학적으로 묘사하다
2376,6급,필자,명사,필자의 의도
2377,6급,핏줄,명사,핏줄을 찾다
2378,6급,하나같이,부사,하나같이 똑같다
2379,6급,하락세,명사,하락세를 보이다
2380,6급,하루빨리,부사,하루빨리 고치다
2381,6급,하류,명사,하류로 내려가다
2382,6급,하물며,부사,
2383,6급,하반신,명사,하반신 마비
2384,6급,하소연,명사,하소연을 듣다
2385,6급,하염없이,부사,하염없이 기다리다
2386,6급,하위,명사,하위 성적
2387,6급,하인,명사,하인을 두다
2388,6급,하천,명사,하천이 흐르다
2389,6급,학계,명사,학계 전문가
2390,6급,학대,명사,동물 학대
2436,6급,핵심적01∙ 핵심적02,관형사∙ 명사,핵심적인 내용
2392,6급,학살,명사,대량 학살
2393,6급,학술,명사,학술 교류
2394,6급,학식,명사,학식이 높다
2395,6급,한갓,부사,
2396,6급,한결같다,형용사,한결같은 마음
2397,6급,한결같이,부사,한결같이 사랑하다
2398,6급,한과,명사,한과를 선물하다
2399,6급,한껏,부사,한껏 즐기다
2400,6급,한낱,부사,한낱 꿈에 불과하 다
2401,6급,한도,명사,카드 한도
2402,6급,한몫,명사,한몫을 챙기다
2403,6급,한바탕01/ 한바탕02,명사/부사,한바탕 웃다
2404,6급,한사코,부사,한사코 말리다
2405,6급,한심하다,형용사,한심한 짓
2406,6급,한정하다,동사,범위를 한정하다
2407,6급,한탄,명사,신세 한탄
2408,6급,한탕,명사,한탕을 노리다
2409,6급,한파,명사,겨울 한파
2410,6급,한하다,동사,고객에 한하여
2411,6급,할퀴다,동사,손톱으로 할퀴다
2412,6급,함성,명사,함성을 지르다
2413,6급,함축,명사,역사의 함축
2414,6급,함흥차사,명사,
2415,6급,합당하다01,형용사,합당한 이유
2416,6급,합동,명사,합동 훈련
2417,6급,합류,명사,팀에 합류하다
2457,6급,헌신적01∙ 헌신적02,관형사∙ 명사,헌신적인 사랑
2419,6급,합성,명사,합성 사진
2420,6급,항문,명사,항문 질환
2421,6급,항생제,명사,항생제를 처방하다
2422,6급,항아리,명사,고추장 항아리
2423,6급,항암,명사,항암 치료
2424,6급,해독02,명사,해독 작용
2425,6급,해독03,명사,한문 해독
2426,6급,해박하다,형용사,해박한 지식
2427,6급,해발,명사,"해발 1,000m"
2428,6급,해석00,명사,통계 해석
2429,6급,해약,명사,해약 요청
2430,6급,해일,명사,지진과 해일
2431,6급,해제,명사,경보 해제
2432,6급,해직,명사,해직 통보
2433,6급,해체02,명사,팀 해체
2471,6급,혁신적01∙ 혁신적02,관형사∙ 명사,혁신적인 기술
2435,6급,핵가족화00,명사,핵가족화 시대
2497,6급,호의적01∙ 호의적02,관형사∙ 명사,호의적인 태도
2437,6급,햅쌀,명사,햅쌀로 밥하다
2438,6급,행렬,명사,축제 행렬
2439,6급,행방,명사,행방을 모르다
2440,6급,행세,명사,주인 행세
2441,6급,행적,명사,행적을 감추다
2442,6급,행정부,명사,기관
2443,6급,행진,명사,가두 행진
2444,6급,허겁지겁,부사,허겁지겁 먹다
2445,6급,허구,명사,허구와 현실
2446,6급,허기,명사,허기를 느끼다
2447,6급,허둥지둥,부사,허둥지둥 나가다
2448,6급,허름하다,형용사,집이 허름하다
2449,6급,허망,명사,허망을 느끼다
2450,6급,허무,명사,허무에 빠지다
2451,6급,허물다02,동사,건물을 허물다
2452,6급,허술하다,형용사,관리가 허술하다
2453,6급,허탈,명사,허탈과 좌절
2454,6급,허파,명사,허파로 호흡하다
2455,6급,헌법,명사,헌법을 개정하다
2456,6급,헌신,명사,헌신과 희생
2533,6급,회의적01∙ 회의적02,관형사∙ 명사,회의적인 견해
2458,6급,헐값,명사,헐값에 팔다
2459,6급,헐다02,동사,건물을 헐다
2460,6급,헐뜯다,동사,남을 헐뜯다
2461,6급,헐레벌떡,부사,헐레벌떡 뛰다
2462,6급,험난하다,형용사,길이 험난하다
2463,6급,험악하다,형용사,산세가 험악하다
2464,6급,헛되이,부사,헛되이 보내다
2465,6급,헤어나다,동사,가난에서 헤어나다
2466,6급,헤집다,동사,방 안을 헤집다
2467,6급,헤치다,동사,물살을 헤치다
2468,6급,헤프다,형용사,씀씀이가 헤프다
2469,6급,헹구다,동사,그릇을 헹구다
2470,6급,혁신,명사,기술 혁신
2535,6급,획기적00∙ 획기적00,관형사∙ 명사,획기적으로 바꾸다
2472,6급,현,관형사,현 대통령
2473,6급,현기증,명사,현기증을 일으키다
2474,6급,현모양처,명사,
2475,6급,현안,명사,국정 현안
2476,6급,현저하다,형용사,차이가 현저하다
2477,6급,현저히,부사,현저히 증가하다
2478,6급,현직,명사,현직 장관
2479,6급,혈연,명사,혈연을 중요시하다
2480,6급,혐오,명사,혐오 시설
2481,6급,혐의,명사,범죄 혐의
2482,6급,협동심,명사,협동심을 기르다
2483,6급,협박,명사,협박 편지
2484,6급,협상,명사,임금 협상
2485,6급,협약,명사,업무 협약
2486,6급,협의00,명사,조건을 협의하다
2487,6급,협정,명사,협정을 맺다
2488,6급,협조02,명사,노사 협조
2489,6급,형사,명사,형사에게 붙잡히다
2490,6급,형상,명사,동물의 형상
2491,6급,형용하다,동사,말로 형용하다
2492,6급,호되다,형용사,호된 비판
2493,6급,호들갑,명사,호들갑을 떨다
2494,6급,호소00,명사,관심 호소
2495,6급,호응,명사,관객의 호응
2496,6급,호의,명사,호의를 베풀다
874,6급,무차별적01/ 무차별적02,관형사∙ 명사,무차별적 수용
2498,6급,호전,명사,증상 호전
2499,6급,호젓하다,형용사,산길이 호젓하다
2500,6급,호조00,명사,호조를 보이다
2501,6급,호평,명사,호평을 받다
2502,6급,호황,명사,호황을 누리다
2503,6급,혹시나,부사,혹시나 하고
2504,6급,혹평,명사,전문가의 혹평
2505,6급,혼동,명사,혼동을 일으키다
2506,6급,혼합,명사,혼합 물질
2507,6급,홀가분하다,형용사,마음이 홀가분하다
2508,6급,홈런,명사,홈런을 치다
2509,6급,화00,명사,화를 면하다
2510,6급,화두,명사,화두를 꺼내다
2511,6급,화목,명사,가정의 화목
2512,6급,화물,명사,화물을 싣다
2513,6급,화살,명사,화살을 쏘다
2514,6급,화자,명사,화자와 청자
2515,6급,확고하다,형용사,의지가 확고하다
2516,6급,확립,명사,질서 확립
2517,6급,확연히,부사,확연히 다르다
2518,6급,확충,명사,설비 확충
2519,6급,환원,명사,사회 환원
2520,6급,환호,동사,환호를 보내다
2521,6급,활력,명사,활력이 넘치다
2522,6급,활력소,명사,생활의 활력소
2523,6급,활자,명사,금속 활자
2524,6급,황금기,명사,인생의 황금기
2525,6급,황급히,부사,황급히 나가다
2526,6급,황량하다,형용사,거리가 황량하다
2527,6급,황제,명사,황제 폐하
2528,6급,황혼,명사,황혼 무렵
2529,6급,회견,명사,기자 회견
2530,6급,회계,명사,예산 회계
2531,6급,회복세,명사,경기 회복세
2532,6급,회수,명사,자금 회수
1701,6급,유동적01∙유동적02,관형사∙ 명사,유동적 상황
2534,6급,회피,명사,책임 회피
1961,6급,정서적01∙정서적02,관형사∙ 명사,정서적 교감
2536,6급,획득,명사,메달 획득
2537,6급,횡설수설,명사,
2538,6급,효력,명사,법적 효력
2539,6급,효용,명사,효용 가치
2540,6급,후각,명사,후각이 예민하다
2541,6급,후대02,명사,후대에 물려주다
2542,6급,후련하다,형용사,속이 후련하다
2543,6급,후반부,명사,경기 후반부
2544,6급,후보자,명사,대통령 후보자
2545,6급,후속,명사,후속 조치
2546,6급,후원자,명사,재정 후원자
2547,6급,후유증,명사,사고 후유증
2548,6급,후임,명사,후임 감독
2549,6급,후진,명사,후진 주차
2550,6급,후퇴,명사,작전상 후퇴
2551,6급,훑다,동사,대충 훑다
2552,6급,훑어보다,동사,책을 훑어보다
2553,6급,훔쳐보다,동사,일기를 훔쳐보다
2554,6급,훤하다,형용사,불이 훤하다
2555,6급,휘다,동사,허리가 휘다
2556,6급,휘두르다,동사,칼을 휘두르다
2557,6급,휘말리다,동사,싸움에 휘말리다
2558,6급,휘젓다,동사,국을 휘젓다
2559,6급,휩싸이다,동사,불길에 휩싸이다
2560,6급,휩쓸다,동사,태풍이 휩쓸다
2561,6급,휩쓸리다,동사,강풍에 휩쓸리다
2562,6급,휴대용,명사,휴대용 녹음기
2563,6급,휴무,명사,임시 휴무
2564,6급,휴전,명사,휴전 상태
2565,6급,휴직,명사,육아 휴직
2566,6급,흉하다,형용사,점괘가 흉하다
2567,6급,흐느끼다,동사,흐느끼는 소리
2568,6급,흑자,명사,흑자를 내다
2569,6급,흘기다,동사,눈을 흘기다
2570,6급,흘러들다,동사,바다로 흘러들다
2571,6급,흡사,부사,흡사 짐승 같다
2572,6급,흥청망청,부사,흥청망청 쓰다
2573,6급,희귀하다,형용사,희귀한 보석
2574,6급,희미하다,형용사,기억이 희미하다
2575,6급,희박하다,형용사,가능성이 희박하다
2576,6급,희한하다,형용사,희한한 일
2577,6급,힐끔거리다,동사,옆을 힐끔거리다
2578,6급,힐끗,부사,힐끗 돌아보다
2579,6급,힘겹다,형용사,삶이 힘겹다
2580,6급,힘입다,동사,성원에 힘입다